source	target
0	325
0	1504
0	2416
1	1907
1	2310
1	2746
2	458
2	2268
2	2609
3	1731
3	2507
3	2561
4	1005
4	1875
4	2237
5	202
5	960
5	1626
6	841
6	1493
6	2792
7	55
7	377
7	1809
8	875
8	1940
8	2259
9	1138
9	1464
9	2841
10	229
10	1194
10	1347
11	326
11	473
11	2941
12	521
12	728
12	2050
13	533
13	691
13	938
14	1150
14	1238
14	2538
15	900
15	1263
15	2135
16	863
16	1049
16	1676
17	56
17	702
17	2692
18	802
18	1226
18	2187
19	188
19	1125
19	1885
20	201
20	1717
20	2097
21	86
21	1400
21	1610
22	537
22	1008
22	2401
23	63
23	305
23	401
24	1049
24	2114
24	2538
25	597
25	1934
25	2706
26	96
26	535
26	2470
27	500
27	565
27	2912
28	1049
28	2538
28	2876
29	893
29	1706
29	1872
30	646
30	1754
30	2129
31	77
31	300
31	786
32	12
32	53
32	1817
33	792
33	2237
33	2820
34	187
34	257
34	2144
35	797
35	1741
35	1804
36	411
36	1481
36	1497
37	290
37	535
37	2253
38	899
38	2438
38	2746
39	1072
39	1540
39	2709
40	362
40	1195
40	2230
41	1005
41	1283
41	2891
42	785
42	1303
42	2574
43	1560
43	2348
43	2543
44	725
44	1284
44	1798
45	1659
45	1976
45	2766
46	99
46	753
46	2227
47	1198
47	1623
47	2759
48	205
48	1809
48	2865
49	1160
49	2439
49	2577
50	161
50	1203
50	1563
51	1506
51	1642
51	2324
52	209
52	2538
52	2913
53	848
53	1891
53	2864
54	787
54	1014
54	1908
55	725
55	1426
55	1684
56	17
56	702
56	2692
57	275
57	679
57	2655
58	26
58	1627
58	2470
59	1098
59	1294
59	2377
60	1500
60	2573
60	2626
61	256
61	632
61	1820
62	1430
62	1441
62	1690
63	401
63	1242
63	1625
64	1702
64	2402
64	2612
65	1006
65	1049
65	1889
66	109
66	1160
66	2237
67	534
67	1978
67	2935
68	597
68	819
68	2755
69	254
69	825
69	1203
70	569
70	2348
70	2543
71	1014
71	2084
71	2375
72	1138
72	1565
72	1729
73	1660
73	2668
73	2890
74	65
74	1006
74	1049
75	1613
75	2003
75	2524
76	506
76	1493
76	2106
77	63
77	507
77	2808
78	638
78	1521
78	1601
79	224
79	812
79	2945
80	112
80	170
80	972
81	1014
81	1802
81	2630
82	209
82	430
82	2613
83	487
83	960
83	2240
84	861
84	1077
84	1609
85	31
85	950
85	2663
86	274
86	1254
86	1609
87	307
87	1146
87	1896
88	38
88	1399
88	2438
89	795
89	2498
89	2662
90	597
90	724
90	2283
91	1624
91	1906
91	2399
92	101
92	297
92	2478
93	1234
93	1356
93	1762
94	227
94	775
94	2766
95	1764
95	1913
95	2835
96	535
96	681
96	2470
97	188
97	1118
97	2299
98	321
98	597
98	617
99	63
99	1164
99	1625
100	597
100	904
100	1163
101	92
101	297
101	2478
102	258
102	1083
102	2872
103	643
103	778
103	2837
104	91
104	1129
104	2471
105	1534
105	2005
105	2724
106	43
106	2252
106	2543
107	122
107	351
107	1591
108	670
108	785
108	1791
109	625
109	1433
109	2237
110	123
110	2783
110	2813
111	921
111	1513
111	2734
112	80
112	972
112	1631
113	1049
113	1427
113	2538
114	597
114	1012
114	1770
115	242
115	1339
115	1983
116	381
116	833
116	1333
117	746
117	1932
117	2404
118	581
118	1138
118	1549
119	262
119	1605
119	1676
120	934
120	1030
120	2520
121	570
121	1089
121	1407
122	1350
122	1591
122	2703
123	720
123	761
123	1191
124	215
124	2606
124	2940
125	892
125	2237
125	2719
126	277
126	336
126	2874
127	629
127	2337
127	2789
128	652
128	713
128	763
129	1479
129	1815
129	2718
130	1578
130	2248
130	2461
131	30
131	1310
131	2129
132	207
132	626
132	1381
133	1700
133	1755
133	2228
134	898
134	1224
134	2361
135	141
135	492
135	2822
136	1006
136	1562
136	1731
137	720
137	761
137	1442
138	375
138	1599
138	2906
139	703
139	1572
139	1868
140	469
140	2222
140	2360
141	492
141	1109
141	2699
142	875
142	1701
142	1939
143	642
143	1147
143	2115
144	475
144	1003
144	2083
145	830
145	893
145	1284
146	1049
146	1064
146	2114
147	344
147	1024
147	1806
148	893
148	1747
148	2544
149	624
149	1432
149	1537
150	1346
150	2381
150	2796
151	123
151	761
151	2119
152	712
152	1524
152	2157
153	62
153	1430
153	1441
154	1006
154	1049
154	1619
155	333
155	1891
155	2797
156	228
156	2187
156	2916
157	193
157	1242
157	2892
158	465
158	685
158	2884
159	314
159	394
159	1942
160	62
160	1430
160	1441
161	1203
161	1563
161	1882
162	893
162	1274
162	1388
163	3
163	827
163	1849
164	486
164	1138
164	2938
165	876
165	2277
165	2419
166	609
166	2544
166	2624
167	351
167	752
167	902
168	1044
168	1626
168	2742
169	54
169	1014
169	1572
170	544
170	972
170	1467
171	747
171	2637
171	2857
172	1260
172	2876
172	2942
173	863
173	1676
173	2138
174	122
174	1591
174	2703
175	76
175	506
175	1493
176	1339
176	1984
176	2554
177	1454
177	1922
177	2835
178	292
178	710
178	1519
179	247
179	2452
179	2839
180	1976
180	2059
180	2671
181	1049
181	2114
181	2538
182	483
182	1197
182	2595
183	805
183	2085
183	2106
184	262
184	890
184	1097
185	597
185	913
185	2196
186	684
186	691
186	2932
187	257
187	2110
187	2723
188	1115
188	1300
188	1392
189	1631
189	1859
189	2048
190	622
190	1231
190	2751
191	65
191	1006
191	1049
192	597
192	2193
192	2448
193	1062
193	1951
193	2023
194	1422
194	1996
194	2211
195	299
195	1254
195	1609
196	202
196	2571
196	2742
197	1164
197	2752
197	2765
198	367
198	1387
198	2409
200	1347
200	2626
200	2753
201	1717
201	2205
201	2220
202	772
202	1313
202	2742
203	160
203	1441
203	2006
204	636
204	1174
204	1658
205	55
205	725
205	2167
206	43
206	2460
206	2931
207	626
207	994
207	1381
208	914
208	1077
208	1643
209	1150
209	2101
209	2613
210	517
210	1014
210	1314
211	893
211	939
211	2305
212	1203
212	2293
212	2358
213	248
213	1014
213	1358
214	44
214	1185
214	1809
215	2606
215	2922
215	2940
216	151
216	761
216	2119
217	1806
217	2062
217	2721
218	294
218	675
218	766
219	1001
219	1006
219	2236
220	1550
220	2425
220	2658
221	460
221	772
221	2942
222	168
222	772
222	1313
223	1982
223	2538
223	2701
224	79
224	812
224	957
225	326
225	2318
225	2616
226	323
226	419
226	1312
227	94
227	775
227	2766
228	282
228	2187
228	2916
229	10
229	585
229	1194
230	1479
230	1829
230	2191
231	1057
231	1707
231	2581
232	1282
232	1879
232	2025
233	562
233	1014
233	1035
234	273
234	1365
234	2114
235	1704
235	2190
235	2400
236	1676
236	2178
236	2821
237	1086
237	1937
237	2390
238	1478
238	1837
238	1888
239	1012
239	1212
239	2408
240	327
240	1533
240	2915
241	190
241	1295
241	1422
242	1339
242	1984
242	2569
243	1306
243	1706
243	2516
244	895
244	1058
244	1845
245	516
245	1198
245	2602
246	1321
246	1830
246	2469
247	179
247	2452
247	2839
248	891
248	1014
248	1437
249	1008
249	2306
249	2401
250	2270
250	2396
250	2824
251	458
251	709
251	1218
252	1659
252	1976
252	2562
253	1433
253	1630
253	2237
254	597
254	1895
254	2340
255	667
255	964
255	2638
256	1124
256	1181
256	1820
257	187
257	2110
257	2723
258	102
258	1083
258	2872
259	495
259	1609
259	1610
260	447
260	1278
260	1933
261	644
261	1557
261	1708
262	890
262	1097
262	2289
263	405
263	1380
263	1742
264	141
264	604
264	1844
265	517
265	804
265	1993
266	1502
266	2224
266	2906
267	597
267	1489
267	2485
268	635
268	1566
268	1670
269	1243
269	1989
269	2237
270	1367
270	2237
270	2274
271	370
271	710
271	1122
272	258
272	399
272	1976
273	2114
273	2319
273	2800
274	86
274	1254
274	1610
275	57
275	546
275	679
276	1006
276	1049
276	2217
277	1083
277	1782
277	2874
278	8
278	1432
278	2309
279	1347
279	1561
279	2165
280	772
280	1992
280	2764
281	713
281	1229
281	1833
282	1800
282	2187
282	2221
283	337
283	1100
283	2389
284	209
284	2538
284	2613
285	664
285	2573
285	2749
286	1307
286	1479
286	2718
287	449
287	2414
287	2609
288	751
288	928
288	1565
289	597
289	625
289	2237
290	96
290	535
290	2470
291	255
291	1600
291	1907
292	362
292	1195
292	2230
293	2117
293	2538
293	2782
294	218
294	675
294	2525
295	893
295	1388
295	1985
296	2099
296	2257
296	2655
297	92
297	101
297	2363
298	271
298	1111
298	1122
299	1254
299	1609
299	1610
300	63
300	401
300	1625
301	597
301	689
301	1222
302	442
302	480
302	558
303	660
303	875
303	1701
304	260
304	563
304	2141
305	23
305	1278
305	1570
306	388
306	1928
306	2849
307	87
307	1896
307	2164
308	1812
308	2253
308	2470
309	1763
309	2081
309	2309
310	268
310	441
310	450
311	155
311	1832
311	2844
312	1816
312	2353
312	2369
313	972
313	1301
313	2406
314	846
314	1297
314	2804
315	295
315	893
315	1411
316	435
316	1583
316	2566
317	1111
317	2258
317	2468
318	1118
318	2299
318	2826
319	287
319	458
319	1218
320	1289
320	1341
320	2416
321	415
321	597
321	617
322	586
322	1745
322	2415
323	226
323	2138
323	2866
324	1713
324	1979
324	2490
325	972
325	1624
325	2399
326	473
326	2616
326	2941
327	200
327	733
327	1533
328	1039
328	1138
328	2938
329	597
329	2163
329	2430
330	1066
330	1567
330	2682
331	597
331	1626
331	2237
332	412
332	1235
332	1596
333	53
333	1891
333	2864
334	1107
334	1905
334	2299
335	491
335	1626
335	1664
336	258
336	1207
336	1976
337	1713
337	2490
337	2834
338	1017
338	1254
338	1609
339	283
339	969
339	2834
340	800
340	1490
340	2747
341	181
341	2114
341	2538
342	354
342	1639
342	1871
343	1341
343	1603
343	2703
344	147
344	2149
344	2570
345	586
345	965
345	2815
346	1049
346	2538
346	2548
347	337
347	2643
347	2834
348	1855
348	2113
348	2268
349	386
349	1049
349	2931
350	879
350	1612
350	2718
351	167
351	752
351	902
352	109
352	1433
352	2237
353	515
353	1049
353	1951
354	342
354	1639
354	1871
355	468
355	903
355	1935
356	180
356	272
356	499
357	483
357	1218
357	1619
358	179
358	247
358	1138
359	413
359	597
359	1113
360	863
360	1676
360	2138
361	1338
361	2034
361	2931
362	292
362	1195
362	2230
363	813
363	1006
363	1951
364	723
364	991
364	1154
365	645
365	784
365	1339
366	469
366	1618
366	2357
367	198
367	2376
367	2457
368	456
368	1619
368	1951
369	90
369	597
369	2707
370	710
370	1111
370	2230
371	733
371	1515
371	1779
372	76
372	1637
372	2381
373	1788
373	2321
373	2480
374	1464
374	2168
374	2790
375	138
375	1513
375	2906
376	18
376	802
376	2187
377	1809
377	2167
377	2865
378	322
378	464
378	843
379	1396
379	2106
379	2763
380	597
380	1163
380	2283
381	116
381	1333
381	1655
382	519
382	771
382	1706
383	504
383	2358
383	2430
384	960
384	2009
384	2330
385	1491
385	2059
385	2671
386	349
386	1049
386	2931
387	1006
387	1049
387	2316
388	306
388	1450
388	1999
389	337
389	403
389	2679
390	480
390	1646
390	2760
391	181
391	2114
391	2538
392	1528
392	1619
392	1688
393	1795
393	2587
393	2651
394	159
394	2052
394	2276
395	597
395	1715
395	2550
396	397
396	1997
396	2013
397	396
397	559
397	2013
398	952
398	1212
398	1770
399	272
399	356
399	1002
400	525
400	1764
400	2835
401	63
401	76
401	300
402	597
402	1203
402	1571
403	337
403	2490
403	2834
404	1234
404	2398
404	2883
405	41
405	1005
405	2237
406	847
406	1497
406	2800
407	1986
407	2295
407	2524
408	1006
408	1049
408	2538
409	451
409	799
409	974
410	903
410	1220
410	1935
411	36
411	598
411	1481
412	332
412	1339
412	2839
413	359
413	852
413	1113
414	339
414	969
414	2330
415	321
415	597
415	2286
416	214
416	1138
416	2421
417	841
417	2676
417	2896
418	274
418	1017
418	1609
419	1111
419	1445
419	2746
420	551
420	1975
420	2168
421	348
421	458
421	2268
422	160
422	2105
422	2252
423	797
423	1294
423	2043
424	255
424	998
424	2581
425	597
425	764
425	1712
426	933
426	1319
426	1916
427	1927
427	2512
427	2785
428	2063
428	2364
428	2638
429	1154
429	2015
429	2936
430	209
430	2613
430	2913
431	1203
431	2358
431	2420
432	1198
432	2602
432	2623
433	586
433	2540
433	2900
434	1016
434	2090
434	2450
435	316
435	1507
435	1583
436	407
436	444
436	1807
437	51
437	1587
437	1642
438	315
438	893
438	954
439	1006
439	1049
439	2539
440	230
440	1102
440	1829
441	47
441	450
441	1198
442	302
442	480
442	558
443	597
443	689
443	2196
444	1509
444	1720
444	1899
445	1006
445	1049
445	1969
446	2345
446	2498
446	2719
447	507
447	950
447	1625
448	1666
448	2661
448	2674
449	287
449	588
449	2414
450	1198
450	1623
450	2504
451	890
451	1049
451	1506
452	676
452	1165
452	2894
453	1375
453	2683
453	2798
454	141
454	1844
454	2734
455	2029
455	2481
455	2595
456	368
456	1619
456	1951
457	2070
457	2581
457	2914
458	421
458	709
458	2268
459	1187
459	2538
459	2548
460	221
460	538
460	772
461	1348
461	2499
461	2648
462	837
462	2232
462	2308
463	1642
463	1667
463	2883
464	378
464	1530
464	1634
465	158
465	685
465	2601
466	1106
466	1621
466	2137
467	489
467	1767
467	2703
468	601
468	1220
468	1935
469	1424
469	2357
469	2795
470	722
470	890
470	1605
471	253
471	575
471	1787
472	889
472	1513
472	2906
473	11
473	326
473	2941
474	81
474	980
474	1014
475	588
475	1170
475	2845
476	1506
476	1642
476	2324
477	1950
477	2488
477	2735
478	1950
478	2418
478	2867
479	182
479	483
479	1197
480	302
480	2238
480	2944
481	415
481	2116
481	2835
482	1425
482	1441
482	2433
483	182
483	1197
483	1218
484	901
484	2126
484	2762
485	966
485	1206
485	2601
486	653
486	1138
486	1909
487	83
487	948
487	2240
488	1357
488	1383
488	2731
489	101
489	467
489	1429
490	1288
490	1885
490	2408
491	1044
491	1203
491	1480
492	135
492	141
492	2699
493	96
493	535
493	2253
494	1347
494	1541
494	2753
495	299
495	1254
495	1609
496	1471
496	1864
496	2255
497	1234
497	1582
497	2232
498	107
498	167
498	351
499	666
499	832
499	1912
500	635
500	700
500	1670
501	1188
501	1198
501	2621
502	123
502	761
502	1556
503	2219
503	2580
503	2705
504	59
504	1098
504	1696
505	1043
505	1225
505	2269
506	76
506	1493
506	2106
507	447
507	950
507	1625
508	225
508	1349
508	2659
509	972
509	1378
509	2251
510	116
510	579
510	1415
511	1136
511	1479
511	2738
512	193
512	1689
512	2538
513	1074
513	1101
513	2845
514	560
514	781
514	1091
515	353
515	1049
515	1951
516	1198
516	1623
516	2301
517	265
517	804
517	1993
518	1311
518	2360
518	2435
519	382
519	771
519	1706
520	73
520	2668
520	2890
521	848
521	2641
521	2797
522	131
522	1609
522	1610
523	257
523	2475
523	2723
524	76
524	1493
524	2106
525	400
525	1764
525	2835
526	45
526	1659
526	1976
527	1138
527	2282
527	2895
528	1008
528	2306
528	2401
529	691
529	1014
529	1168
530	979
530	1855
530	2609
531	702
531	712
531	1704
532	883
532	1777
532	1818
533	1031
533	1924
533	2860
534	67
534	160
534	2460
535	2253
535	2470
535	2578
536	462
536	1582
536	2232
537	22
537	1008
537	2401
538	605
538	2802
538	2942
539	525
539	1764
539	2835
540	124
540	250
540	2824
541	17
541	702
541	2692
542	468
542	903
542	1510
543	273
543	1387
543	2319
544	80
544	170
544	2048
545	53
545	155
545	1416
546	1332
546	2257
546	2655
547	597
547	617
547	1196
548	784
548	1367
548	2237
549	171
549	2237
549	2500
550	997
550	1321
550	2396
551	1111
551	2335
551	2914
552	869
552	1779
552	2403
553	1067
553	1335
553	2632
554	875
554	2081
554	2309
555	652
555	713
555	1904
556	214
556	438
556	893
557	141
557	1513
557	2906
558	302
558	442
558	2238
559	609
559	2013
559	2544
560	524
560	1637
560	2868
561	875
561	1663
561	2179
562	81
562	1014
562	1802
563	76
563	1242
563	2106
564	1321
564	1656
564	2396
565	1255
565	2107
565	2638
566	1994
566	2218
566	2245
567	535
567	2253
567	2578
568	713
568	1088
568	2024
569	43
569	70
569	1211
570	121
570	1265
570	1407
571	900
571	2078
571	2380
572	1576
572	1859
572	2416
573	1569
573	2237
573	2601
574	2272
574	2521
574	2645
575	471
575	766
575	2714
576	1068
576	1693
576	1849
577	783
577	1351
577	2295
578	879
578	1239
578	1612
579	833
579	1054
579	1415
580	597
580	904
580	2182
581	1076
581	1138
581	1549
582	1629
582	1780
582	2494
583	843
583	1092
583	1520
584	647
584	2056
584	2423
585	10
585	229
585	1272
586	322
586	1745
586	2415
587	1001
587	1049
587	2236
588	154
588	483
588	1049
589	1076
589	1138
589	2280
590	509
590	1576
590	2422
591	1551
591	1814
591	1935
592	353
592	631
592	1951
593	860
593	1771
593	2104
594	1177
594	1841
594	2091
595	1059
595	1282
595	1478
596	27
596	2277
596	2419
597	192
597	617
597	2646
598	36
598	411
598	1481
599	725
599	761
599	990
600	251
600	992
600	2565
601	468
601	1220
601	1935
602	669
602	1593
602	2871
603	1804
603	2051
603	2934
604	111
604	264
604	1513
605	538
605	1774
605	2802
606	1923
606	2909
606	2926
607	1491
607	1735
607	2671
608	623
608	765
608	1176
609	166
609	2013
609	2624
610	697
610	1176
610	1377
611	1006
611	1049
611	2538
612	494
612	733
612	2659
613	401
613	768
613	2776
614	1404
614	1673
614	1852
615	149
615	1744
615	1820
616	111
616	141
616	492
617	597
617	831
617	2646
618	274
618	1017
618	1254
619	1050
619	1131
619	1320
620	236
620	1676
620	2821
621	1128
621	1130
621	1637
622	1231
622	1958
622	2751
623	697
623	1176
623	2176
624	1432
624	1537
624	1663
625	109
625	1433
625	2237
626	207
626	994
626	1381
627	900
627	1263
627	1508
628	1049
628	2316
628	2428
629	127
629	2337
629	2789
630	1310
630	1754
630	2129
631	515
631	770
631	1951
632	149
632	256
632	1820
633	249
633	2493
633	2666
634	200
634	733
634	2626
635	2370
635	2419
635	2785
636	204
636	1249
636	1658
637	944
637	1475
637	2128
638	78
638	2506
638	2783
639	1032
639	1457
639	1675
640	861
640	1077
640	1609
641	2064
641	2416
641	2739
642	143
642	1147
642	2115
643	103
643	1804
643	2837
644	1557
644	1708
644	2640
645	784
645	1295
645	1339
646	30
646	1310
646	1677
647	584
647	2056
647	2423
648	789
648	960
648	2571
649	597
649	1262
649	2416
650	1049
650	1203
650	2538
651	1443
651	2029
651	2066
652	713
652	1337
652	1904
653	164
653	1138
653	2704
654	1543
654	1849
654	2393
655	503
655	767
655	2787
656	70
656	2348
656	2543
657	200
657	326
657	2616
658	580
658	597
658	2917
659	247
659	1576
659	2044
660	303
660	875
660	1701
661	592
661	1736
661	1951
662	860
662	1771
662	2104
663	116
663	514
663	1167
664	285
664	307
664	2749
665	1245
665	1379
665	1541
666	180
666	385
666	1491
667	134
667	2214
667	2462
668	1713
668	2389
668	2834
669	602
669	2355
669	2871
670	785
670	1303
670	2574
671	706
671	1539
671	1671
672	1561
672	1732
672	2859
673	676
673	1165
673	1554
674	1894
674	2022
674	2068
675	766
675	2729
675	2897
676	452
676	673
676	1165
677	751
677	840
677	1565
678	859
678	1521
678	1601
679	57
679	2099
679	2655
680	47
680	1188
680	1198
681	96
681	535
681	2253
682	1006
682	1049
682	1951
683	1885
683	2331
683	2408
684	691
684	1014
684	2528
685	476
685	1049
685	1949
686	518
686	1804
686	2435
687	1928
687	1950
687	1984
688	1619
688	1743
688	2757
689	415
689	597
689	2181
690	696
690	1173
690	2653
691	533
691	1710
691	2528
692	490
692	1885
692	1888
693	759
693	2309
693	2846
694	901
694	1569
694	1682
695	787
695	1014
695	1202
696	352
696	690
696	1173
697	623
697	1176
697	1377
698	1140
698	1212
698	2639
699	462
699	1565
699	1582
700	596
700	708
700	2277
701	1118
701	2299
701	2408
702	17
702	56
702	2692
703	1014
703	1035
703	1802
704	302
704	1413
704	2244
705	1891
705	2175
705	2274
706	671
706	1033
706	1671
707	893
707	1737
707	2171
708	964
708	1679
708	2743
709	2
709	458
709	992
710	370
710	1111
710	2230
711	32
711	53
711	2864
712	152
712	1524
712	2157
713	1088
713	1833
713	2379
714	33
714	1298
714	2931
715	1176
715	2146
715	2711
716	707
716	893
716	1737
717	290
717	535
717	2470
718	491
718	1262
718	2538
719	893
719	1279
719	1827
720	761
720	1138
720	1191
721	665
721	1541
721	2859
722	890
722	1234
722	1499
723	597
723	991
723	1154
724	904
724	1163
724	2397
725	55
725	1426
725	1684
726	803
726	1523
726	2039
727	1312
727	1479
727	1815
728	848
728	1046
728	2797
729	597
729	1012
729	2237
730	312
730	1578
730	2461
731	1543
731	1849
731	2507
732	1806
732	2262
732	2570
733	11
733	326
733	1515
734	1006
734	1049
734	2931
735	811
735	2682
735	2880
736	691
736	1156
736	1924
737	1674
737	2006
737	2778
738	1049
738	1470
738	2114
739	917
739	1434
739	2359
740	438
740	893
740	954
741	936
741	2098
741	2499
742	87
742	307
742	2749
743	623
743	697
743	1176
744	2073
744	2730
744	2875
745	147
745	846
745	862
746	117
746	665
746	1932
747	171
747	2237
747	2637
748	986
748	1849
748	2541
749	355
749	542
749	1551
750	1049
750	2156
750	2931
751	677
751	1565
751	1850
752	167
752	351
752	902
753	46
753	2227
753	2752
754	180
754	208
754	2059
755	597
755	819
755	2196
756	1295
756	1580
756	2840
757	1356
757	2333
757	2414
758	817
758	1351
758	2295
759	693
759	2367
759	2846
760	43
760	1560
760	2123
761	1138
761	1909
761	2694
762	1167
762	1899
762	2336
763	568
763	713
763	2024
764	597
764	1712
764	2032
765	697
765	1176
765	1377
766	575
766	1787
766	2897
767	573
767	597
767	1849
768	1058
768	1304
768	2538
769	140
769	518
769	2222
770	353
770	515
770	1951
771	382
771	519
771	1706
772	1313
772	1774
772	2876
773	209
773	2383
773	2538
774	893
774	2436
774	2608
775	94
775	227
775	2766
776	695
776	932
776	1014
777	1333
777	1396
777	2896
778	103
778	1237
778	1804
779	188
779	1108
779	1392
780	1006
780	1203
780	2099
781	209
781	514
781	1193
782	1366
782	1925
782	2261
783	898
783	1638
783	2314
784	250
784	1168
784	1339
785	42
785	1786
785	2574
786	260
786	1933
786	2814
787	54
787	1014
787	2630
788	838
788	1707
788	2496
789	648
789	1006
789	2593
790	1001
790	1006
790	1049
791	1269
791	2391
791	2398
792	33
792	1752
792	2820
793	920
793	2151
793	2772
794	2407
794	2411
794	2763
795	89
795	2498
795	2662
796	18
796	2187
796	2556
797	316
797	423
797	2043
798	391
798	2114
798	2538
799	409
799	974
799	1086
800	108
800	340
800	670
801	1049
801	1936
801	2358
802	18
802	2187
802	2582
803	75
803	1613
803	2524
804	265
804	1581
804	2067
805	2407
805	2411
805	2763
806	1628
806	1861
806	2078
807	1238
807	2538
807	2548
808	1620
808	2166
808	2743
809	632
809	1247
809	1458
810	348
810	1356
810	2113
811	330
811	735
811	1875
812	79
812	224
812	1087
813	191
813	1006
813	1049
814	1187
814	2538
814	2548
815	1899
815	2336
815	2402
816	866
816	1198
816	2172
817	2056
817	2093
817	2356
818	109
818	625
818	2237
819	68
819	597
819	2089
820	1839
820	1849
820	2082
821	17
821	2349
821	2692
822	247
822	659
822	2839
823	1241
823	2538
823	2889
824	1056
824	1674
824	2778
825	69
825	254
825	1203
826	347
826	1100
826	2490
827	1543
827	1849
827	2465
828	1436
828	1643
828	2302
829	1994
829	2794
829	2931
830	164
830	1138
830	1284
831	597
831	617
831	2196
832	180
832	385
832	1491
833	116
833	1333
833	1415
834	840
834	1386
834	1565
835	1405
835	2081
835	2309
836	333
836	1046
836	2864
837	462
837	1582
837	2308
838	1184
838	1409
838	2293
839	374
839	1374
839	2790
840	834
840	1386
840	1565
841	1144
841	1493
841	2792
842	985
842	1543
842	1849
843	322
843	378
843	583
844	176
844	242
844	1339
845	1295
845	2147
845	2618
846	147
846	862
846	2159
847	406
847	1497
847	2800
848	12
848	2050
848	2641
849	1360
849	1474
849	2143
850	82
850	1409
850	2538
851	890
851	1014
851	2396
852	504
852	1212
852	1696
853	1950
853	2186
853	2929
854	883
854	1519
854	1818
855	281
855	713
855	2024
856	1338
856	2004
856	2931
857	109
857	1283
857	2237
858	1366
858	1925
858	2239
859	678
859	1601
859	2508
860	593
860	1771
860	2104
861	1077
861	1400
861	1609
862	846
862	1159
862	1668
863	2138
863	2178
863	2866
864	621
864	1128
864	1130
865	471
865	675
865	1342
866	1009
866	1198
866	1623
867	1475
867	1859
867	2128
868	547
868	597
868	2707
869	1779
869	2200
869	2484
870	574
870	1926
870	2521
871	1531
871	2055
871	2297
872	316
872	1451
872	2804
873	109
873	597
873	2237
874	1219
874	1849
874	2793
875	8
875	1940
875	2259
876	1789
876	1840
876	2638
877	20
877	1010
877	2097
878	997
878	2270
878	2396
879	899
879	1111
879	1612
880	920
880	2151
880	2772
881	277
881	1207
881	1782
882	1166
882	1820
882	2510
883	532
883	1777
883	1818
884	1006
884	1766
884	2742
885	597
885	1604
885	2365
886	1870
886	2109
886	2667
887	561
887	1432
887	1537
888	1679
888	1789
888	2042
889	472
889	1513
889	2906
890	722
890	1234
890	2289
891	894
891	1014
891	1202
892	625
892	1367
892	2237
893	1854
893	2588
893	2939
894	695
894	1014
894	1622
895	398
895	952
895	1212
896	824
896	2348
896	2935
897	1203
897	2158
897	2358
898	134
898	667
898	2314
899	879
899	1111
899	1612
900	1263
900	2078
900	2380
901	694
901	1038
901	1682
902	752
902	1052
902	1529
903	468
903	601
903	1935
904	597
904	1163
904	2397
905	893
905	1854
905	2173
906	1661
906	1849
906	2811
907	1049
907	1911
907	2538
908	1839
908	2225
908	2907
909	2019
909	2087
909	2650
910	1897
910	2187
910	2426
911	295
911	893
911	1985
912	124
912	2606
912	2940
913	185
913	597
913	2196
914	208
914	1077
914	1643
915	1236
915	1706
915	2810
916	1495
916	1639
916	2061
917	518
917	686
917	2435
918	1050
918	1131
918	2190
919	1950
919	2488
919	2735
920	793
920	880
920	2772
921	111
921	1513
921	2734
922	1006
922	1049
922	1951
923	1341
923	1420
923	2015
924	377
924	1028
924	1809
925	1006
925	1619
925	1688
926	1006
926	2416
926	2471
927	1006
927	1049
927	2538
928	1565
928	1760
928	1850
929	1118
929	1244
929	2835
930	382
930	519
930	1706
931	994
931	1142
931	1978
932	169
932	776
932	1014
933	1250
933	1319
933	1916
934	120
934	1030
934	1366
935	1006
935	1757
935	1969
936	1690
936	1708
936	2648
937	597
937	819
937	1595
938	691
938	1031
938	1156
939	581
939	1232
939	1851
940	2601
940	2690
940	2829
941	1565
941	1760
941	1850
942	1295
942	2287
942	2431
943	597
943	1276
943	2311
944	637
944	1085
944	1475
945	2674
945	2923
945	2946
946	1558
946	1706
946	2810
947	867
947	1791
947	2519
948	487
948	2240
948	2293
949	875
949	1709
949	2453
950	447
950	507
950	1625
951	991
951	2044
951	2416
952	398
952	1212
952	1444
953	1528
953	1619
953	1688
954	315
954	438
954	893
955	1111
955	1239
955	1612
956	2005
956	2055
956	2724
957	224
957	2276
957	2345
958	1607
958	1781
958	2588
959	1072
959	1966
959	2544
960	5
960	1626
960	1664
961	898
961	1006
961	1049
962	1014
962	1049
962	1740
963	1523
963	1784
963	2203
964	1678
964	1789
964	2042
965	1971
965	2415
965	2417
966	485
966	2601
966	2793
967	1706
967	2352
967	2810
968	185
968	597
968	2614
969	339
969	414
969	1953
970	597
970	1196
970	2130
971	626
971	1142
971	2893
972	80
972	112
972	170
973	597
973	1888
973	2089
974	614
974	1353
974	1911
975	152
975	712
975	1524
976	499
976	1375
976	1912
977	535
977	1505
977	2578
978	1254
978	1609
978	1610
979	530
979	1619
979	1855
980	81
980	474
980	1014
981	1569
981	2328
981	2931
982	1350
982	2046
982	2491
983	53
983	703
983	1014
984	1689
984	2633
984	2770
985	842
985	1543
985	1849
986	985
986	1661
986	1849
987	1706
987	2299
987	2887
988	600
988	888
988	1721
989	248
989	891
989	1014
990	599
990	1025
990	2168
991	723
991	1339
991	2650
992	458
992	600
992	2565
993	1198
993	2621
993	2700
994	207
994	626
994	1381
995	1808
995	2073
995	2323
996	860
996	2210
996	2525
997	1321
997	2270
997	2396
998	424
998	1648
998	2581
999	532
999	854
999	883
1000	327
1000	1470
1000	2915
1001	219
1001	1006
1001	2236
1002	272
1002	356
1002	399
1003	475
1003	588
1003	2083
1004	1148
1004	1492
1004	1709
1005	405
1005	857
1005	2237
1006	276
1006	1049
1006	1253
1007	272
1007	356
1007	399
1008	537
1008	2306
1008	2401
1009	866
1009	1198
1009	2054
1010	2237
1010	2263
1010	2522
1011	1138
1011	1374
1011	1552
1012	114
1012	597
1012	1770
1013	1203
1013	1563
1013	1882
1014	695
1014	1273
1014	1802
1015	852
1015	942
1015	1295
1016	434
1016	2090
1016	2450
1017	1254
1017	1609
1017	1610
1018	752
1018	1052
1018	2351
1019	1006
1019	1049
1019	2538
1020	1347
1020	2626
1020	2628
1021	391
1021	1049
1021	2114
1022	1488
1022	2114
1022	2480
1023	535
1023	1812
1023	2470
1024	147
1024	732
1024	1806
1025	599
1025	761
1025	990
1026	597
1026	2347
1026	2635
1027	316
1027	1583
1027	2566
1028	1426
1028	1684
1028	2167
1029	352
1029	625
1029	2237
1030	120
1030	934
1030	1760
1031	691
1031	1156
1031	2528
1032	1022
1032	1457
1032	1675
1033	671
1033	1539
1033	1671
1034	302
1034	442
1034	2600
1035	703
1035	787
1035	1014
1036	1885
1036	2131
1036	2408
1037	723
1037	991
1037	2416
1038	694
1038	901
1038	1682
1039	328
1039	1138
1039	2938
1040	1126
1040	1589
1040	1876
1041	9
1041	467
1041	2421
1042	1266
1042	1479
1042	1970
1043	1228
1043	2269
1043	2643
1044	1544
1044	2351
1044	2876
1045	1632
1045	1797
1045	2775
1046	728
1046	2641
1046	2797
1047	1286
1047	1593
1047	2476
1048	1006
1048	1453
1048	2757
1049	439
1049	628
1049	927
1050	918
1050	1286
1050	2190
1051	379
1051	2407
1051	2411
1052	902
1052	1529
1052	2229
1053	1432
1053	1486
1053	1537
1054	579
1054	1032
1054	2915
1055	1994
1055	2218
1055	2245
1056	896
1056	1276
1056	2935
1057	1679
1057	1840
1057	1899
1058	76
1058	1493
1058	1883
1059	595
1059	2237
1059	2596
1060	896
1060	1339
1060	2237
1061	194
1061	1669
1061	1996
1062	193
1062	2538
1062	2931
1063	713
1063	1538
1063	2492
1064	1049
1064	2114
1064	2784
1065	92
1065	101
1065	297
1066	1275
1066	2788
1066	2880
1067	553
1067	1089
1067	2632
1068	576
1068	1693
1068	1849
1069	840
1069	1386
1069	1565
1070	325
1070	1082
1070	2251
1071	597
1071	1406
1071	2557
1072	39
1072	1966
1072	2038
1073	1657
1073	1982
1073	2279
1074	513
1074	1101
1074	1470
1075	532
1075	1818
1075	2070
1076	1024
1076	1138
1076	1668
1077	208
1077	861
1077	914
1078	214
1078	1426
1078	1684
1079	597
1079	885
1079	1604
1080	1809
1080	2167
1080	2865
1081	1625
1081	2141
1081	2901
1082	325
1082	1504
1082	2251
1083	1207
1083	1782
1083	1976
1084	440
1084	1102
1084	1927
1085	112
1085	972
1085	2048
1086	237
1086	1414
1086	1564
1087	893
1087	1008
1087	2401
1088	713
1088	1459
1088	2443
1089	1067
1089	2353
1089	2461
1090	1049
1090	2316
1090	2428
1091	2235
1091	2663
1091	2676
1092	1028
1092	1684
1092	2167
1093	1804
1093	2051
1093	2934
1094	478
1094	2087
1094	2804
1095	138
1095	375
1095	2906
1096	382
1096	1236
1096	1706
1097	262
1097	1234
1097	2398
1098	59
1098	1294
1098	2377
1099	1169
1099	2305
1099	2764
1100	337
1100	1713
1100	2490
1101	144
1101	513
1101	1074
1102	428
1102	596
1102	1670
1103	55
1103	1138
1103	1641
1104	1327
1104	2076
1104	2187
1105	618
1105	1254
1105	1609
1106	466
1106	496
1106	2137
1107	1500
1107	2327
1107	2819
1108	188
1108	779
1108	1392
1109	141
1109	492
1109	2699
1110	1620
1110	1789
1110	2912
1111	710
1111	2374
1111	2718
1112	1150
1112	1487
1112	2101
1113	359
1113	413
1113	1776
1114	1057
1114	1255
1114	1840
1115	188
1115	597
1115	1160
1116	625
1116	818
1116	2237
1117	2187
1117	2362
1117	2916
1118	1209
1118	2299
1118	2826
1119	621
1119	1128
1119	1130
1120	893
1120	2036
1120	2909
1121	1609
1121	1610
1121	1754
1122	710
1122	1111
1122	1136
1123	82
1123	838
1123	1184
1124	256
1124	632
1124	1820
1125	603
1125	1804
1125	2051
1126	1040
1126	1876
1126	2204
1127	11
1127	326
1127	2941
1128	621
1128	1130
1128	1637
1129	91
1129	104
1129	2471
1130	621
1130	864
1130	1637
1131	1209
1131	1320
1131	2299
1132	360
1132	1648
1132	2138
1133	597
1133	2557
1133	2646
1134	75
1134	803
1134	1807
1135	68
1135	597
1135	2755
1136	1111
1136	1479
1136	2335
1137	149
1137	278
1137	561
1138	2282
1138	2779
1138	2938
1139	1418
1139	1503
1139	2012
1140	698
1140	1944
1140	2639
1141	518
1141	1087
1141	2305
1142	626
1142	971
1142	2893
1143	964
1143	1678
1143	1789
1144	841
1144	1493
1144	2792
1145	728
1145	1046
1145	2797
1146	1896
1146	2164
1146	2497
1147	642
1147	753
1147	2445
1148	1492
1148	1709
1148	2300
1149	780
1149	1674
1149	1983
1150	209
1150	430
1150	2613
1151	1138
1151	1699
1151	1834
1152	2299
1152	2408
1152	2455
1153	1654
1153	2157
1153	2692
1154	597
1154	723
1154	991
1155	597
1155	1276
1155	2358
1156	13
1156	691
1156	938
1157	1718
1157	1793
1157	2894
1158	1680
1158	1797
1158	2549
1159	893
1159	1517
1159	1668
1160	49
1160	2439
1160	2577
1161	1006
1161	2386
1161	2539
1162	1
1162	1755
1162	2310
1163	580
1163	597
1163	1714
1164	63
1164	76
1164	99
1165	452
1165	673
1165	676
1166	882
1166	1820
1166	2510
1167	362
1167	1519
1167	1899
1168	474
1168	894
1168	1014
1169	1260
1169	1313
1169	1774
1170	219
1170	1006
1170	2931
1171	554
1171	2259
1171	2309
1172	105
1172	1534
1172	2724
1173	357
1173	690
1173	696
1174	204
1174	1246
1174	1249
1175	1198
1175	2759
1175	2869
1176	2599
1176	2644
1176	2711
1177	2091
1177	2423
1177	2927
1178	467
1178	1429
1178	2246
1179	17
1179	56
1179	1849
1180	1212
1180	1476
1180	2237
1181	256
1181	632
1181	1820
1182	1176
1182	1546
1182	2803
1183	187
1183	257
1183	2843
1184	838
1184	1123
1184	2237
1185	205
1185	214
1185	1809
1186	900
1186	1779
1186	1995
1187	1238
1187	2538
1187	2548
1188	1198
1188	1898
1188	2172
1189	76
1189	401
1189	1164
1190	2080
1190	2355
1190	2639
1191	123
1191	137
1191	761
1192	1111
1192	1619
1192	2931
1193	2538
1193	2685
1193	2913
1194	10
1194	1272
1194	1861
1195	292
1195	362
1195	2230
1196	547
1196	597
1196	617
1197	182
1197	483
1197	2595
1198	441
1198	1536
1198	2054
1199	2383
1199	2538
1199	2898
1200	2071
1200	2499
1200	2654
1201	796
1201	802
1201	2187
1202	1014
1202	1802
1202	2630
1203	161
1203	1563
1203	2158
1204	525
1204	1764
1204	2835
1205	697
1205	1176
1205	1824
1206	1413
1206	2244
1206	2760
1207	526
1207	1083
1207	1976
1208	670
1208	1303
1208	1769
1209	1118
1209	2299
1209	2826
1210	326
1210	733
1210	1861
1211	43
1211	1560
1211	2627
1212	398
1212	895
1212	1444
1213	142
1213	1701
1213	1939
1214	128
1214	713
1214	1337
1215	274
1215	1254
1215	1609
1216	44
1216	893
1216	1284
1217	884
1217	1049
1217	2742
1218	357
1218	483
1218	2609
1219	874
1219	1179
1219	2788
1220	468
1220	601
1220	1935
1221	1178
1221	1429
1221	2839
1222	185
1222	597
1222	913
1223	472
1223	1513
1223	2906
1224	134
1224	488
1224	1986
1225	1043
1225	1228
1225	2269
1226	18
1226	802
1226	2187
1227	95
1227	1288
1227	2408
1228	1043
1228	2269
1228	2906
1229	281
1229	713
1229	1904
1230	711
1230	1045
1230	2549
1231	622
1231	1958
1231	2751
1232	732
1232	1942
1232	2280
1233	839
1233	1373
1233	1950
1234	2324
1234	2503
1234	2924
1235	625
1235	1339
1235	2237
1236	382
1236	1096
1236	1706
1237	103
1237	778
1237	1804
1238	807
1238	1187
1238	2548
1239	578
1239	1612
1239	2014
1240	149
1240	256
1240	632
1241	823
1241	2151
1241	2889
1242	63
1242	401
1242	1625
1243	597
1243	1339
1243	1393
1244	597
1244	2446
1244	2835
1245	665
1245	1379
1245	1541
1246	1249
1246	1390
1246	2732
1247	809
1247	1458
1247	2835
1248	450
1248	1198
1248	2700
1249	204
1249	1174
1249	1246
1250	933
1250	1319
1250	1916
1251	494
1251	2611
1251	2659
1252	1203
1252	2133
1252	2358
1253	1006
1253	1703
1253	2538
1254	195
1254	1609
1254	2919
1255	1057
1255	1114
1255	1840
1256	142
1256	1213
1256	1939
1257	1834
1257	1942
1257	2062
1258	1177
1258	1404
1258	1852
1259	561
1259	1537
1259	1663
1260	224
1260	2047
1260	2485
1261	72
1261	1565
1261	1729
1262	605
1262	1594
1262	2764
1263	627
1263	900
1263	2380
1264	53
1264	545
1264	2549
1265	1407
1265	1793
1265	2577
1266	1042
1266	1479
1266	1970
1267	1134
1267	1807
1267	2881
1268	860
1268	1451
1268	2747
1269	791
1269	2391
1269	2398
1270	494
1270	1839
1270	1849
1271	895
1271	908
1271	1212
1272	10
1272	585
1272	1194
1273	787
1273	1014
1273	1572
1274	893
1274	1388
1274	1985
1275	1066
1275	2788
1275	2880
1276	597
1276	1155
1276	2358
1277	789
1277	1598
1277	2330
1278	300
1278	305
1278	1625
1279	893
1279	1388
1279	2436
1280	250
1280	1014
1280	1168
1281	103
1281	643
1281	1216
1282	232
1282	1879
1282	2237
1283	41
1283	857
1283	1005
1284	44
1284	55
1284	1798
1285	1923
1285	2909
1285	2926
1286	1050
1286	1216
1286	2190
1287	1049
1287	2316
1287	2944
1288	2331
1288	2408
1288	2455
1289	320
1289	1341
1289	2416
1290	713
1290	1686
1290	2024
1291	1349
1291	1590
1291	2285
1292	1012
1292	1770
1292	2354
1293	1304
1293	1353
1293	2313
1294	59
1294	1098
1294	2851
1295	942
1295	2287
1295	2431
1296	381
1296	1394
1296	2698
1297	314
1297	846
1297	862
1298	33
1298	792
1298	1752
1299	1586
1299	1636
1299	1881
1300	306
1300	2299
1300	2523
1301	313
1301	972
1301	1691
1302	89
1302	2550
1302	2835
1303	785
1303	1786
1303	2574
1304	613
1304	768
1304	2776
1305	224
1305	2276
1305	2387
1306	243
1306	2417
1306	2857
1307	286
1307	1479
1307	2335
1308	195
1308	618
1308	1254
1309	234
1309	2114
1309	2319
1310	646
1310	1754
1310	2129
1311	518
1311	619
1311	2360
1312	133
1312	1815
1312	2746
1313	772
1313	1774
1313	2802
1314	561
1314	2281
1314	2338
1315	272
1315	1002
1315	1083
1316	327
1316	733
1316	1515
1317	1643
1317	1679
1317	2302
1318	1120
1318	2036
1318	2635
1319	933
1319	1250
1319	1916
1320	619
1320	1131
1320	1216
1321	878
1321	997
1321	2396
1322	1111
1322	1619
1322	2931
1323	1012
1323	2237
1323	2917
1324	713
1324	1459
1324	1968
1325	1283
1325	1567
1325	1742
1326	986
1326	1543
1326	1849
1327	376
1327	2076
1327	2187
1328	728
1328	2641
1328	2864
1329	1099
1329	1880
1329	2654
1330	805
1330	1396
1330	1466
1331	1006
1331	2419
1331	2480
1332	2099
1332	2257
1332	2655
1333	116
1333	1655
1333	2896
1334	17
1334	702
1334	2692
1335	1014
1335	1132
1335	1648
1336	86
1336	1400
1336	1610
1337	713
1337	1921
1337	2733
1338	386
1338	1049
1338	2931
1339	242
1339	1984
1339	2554
1340	279
1340	1349
1340	2611
1341	320
1341	343
1341	1289
1342	218
1342	294
1342	865
1343	561
1343	887
1343	2464
1344	1254
1344	1609
1344	1610
1345	111
1345	2110
1345	2241
1346	150
1346	2381
1346	2796
1347	326
1347	1541
1347	1861
1348	461
1348	2071
1348	2499
1349	1291
1349	1521
1349	1590
1350	1950
1350	2186
1350	2735
1351	407
1351	1357
1351	2444
1352	1066
1352	1849
1352	2788
1353	974
1353	1293
1353	2538
1354	1626
1354	2142
1354	2931
1355	926
1355	2256
1355	2299
1356	287
1356	757
1356	2414
1357	488
1357	1224
1357	1383
1358	787
1358	1014
1358	2630
1359	602
1359	1750
1359	2871
1360	76
1360	1883
1360	2106
1362	1014
1362	1722
1362	2017
1363	188
1363	1300
1363	2523
1364	11
1364	1861
1364	2859
1365	2114
1365	2117
1365	2800
1366	858
1366	1925
1366	2239
1367	109
1367	625
1367	2237
1368	144
1368	1003
1368	1470
1369	2047
1369	2485
1369	2886
1370	321
1370	597
1370	904
1371	783
1371	1638
1371	2314
1372	1209
1372	1458
1372	2299
1373	1950
1373	2418
1373	2488
1374	55
1374	1138
1374	2168
1375	180
1375	1935
1375	2671
1376	516
1376	2172
1376	2869
1377	623
1377	697
1377	1176
1378	170
1378	972
1378	2251
1379	665
1379	1245
1379	1541
1380	263
1380	405
1380	735
1381	207
1381	626
1381	994
1382	1505
1382	1812
1382	2470
1383	667
1383	1986
1383	2910
1384	246
1384	684
1384	1014
1385	879
1385	1111
1385	2374
1386	834
1386	840
1386	1565
1387	738
1387	2021
1387	2114
1388	893
1388	1274
1388	2264
1389	597
1389	1071
1389	1761
1390	636
1390	1246
1390	2665
1391	441
1391	450
1391	1198
1392	779
1392	1108
1392	1300
1393	597
1393	1295
1393	1339
1394	1110
1394	1296
1394	2698
1395	685
1395	2209
1395	2760
1396	524
1396	2763
1396	2896
1397	1448
1397	2226
1397	2471
1398	1501
1398	2114
1398	2784
1399	2121
1399	2215
1399	2720
1400	86
1400	1254
1400	1609
1401	44
1401	830
1401	1641
1402	1306
1402	2237
1402	2521
1403	916
1403	1569
1403	2601
1404	1177
1404	1258
1404	1852
1405	2081
1405	2309
1405	2447
1406	597
1406	1012
1406	1770
1407	121
1407	570
1407	1265
1408	506
1408	560
1408	2868
1409	82
1409	850
1409	2538
1410	1040
1410	2073
1410	2853
1411	893
1411	1737
1411	1827
1412	621
1412	1637
1412	2294
1413	1206
1413	2244
1413	2600
1414	1086
1414	2390
1414	2924
1415	510
1415	579
1415	1333
1416	711
1416	1559
1416	1891
1417	1597
1417	1812
1417	2470
1418	1139
1418	1503
1418	2012
1419	1355
1419	1663
1419	2368
1420	174
1420	1341
1420	2936
1421	1
1421	1312
1421	2310
1422	778
1422	1804
1422	2051
1423	1456
1423	2398
1423	2883
1424	366
1424	2357
1424	2795
1425	482
1425	2358
1425	2433
1426	725
1426	1028
1426	1684
1427	113
1427	1049
1427	2268
1428	2254
1428	2467
1428	2672
1429	1178
1429	1221
1429	2839
1430	62
1430	994
1430	1441
1431	1174
1431	1249
1431	1658
1432	624
1432	1537
1432	1663
1433	253
1433	625
1433	2237
1434	686
1434	1804
1434	2435
1435	56
1435	702
1435	1066
1436	964
1436	1678
1436	1789
1437	1014
1437	1553
1437	2855
1438	2185
1438	2695
1438	2881
1439	1559
1439	2770
1439	2931
1440	2117
1440	2538
1440	2782
1441	62
1441	160
1441	482
1442	137
1442	761
1442	1909
1443	651
1443	2029
1443	2066
1444	398
1444	952
1444	1212
1445	407
1445	1519
1445	2230
1446	1312
1446	1421
1446	2746
1447	953
1447	1049
1447	1619
1448	646
1448	1310
1448	2471
1449	434
1449	1016
1449	1172
1450	388
1450	1292
1450	2849
1451	340
1451	860
1451	2747
1452	339
1452	559
1452	1941
1453	1048
1453	1049
1453	2757
1454	177
1454	1243
1454	1922
1455	601
1455	1551
1455	1935
1456	1423
1456	2324
1456	2503
1457	1022
1457	1032
1457	1675
1458	809
1458	1049
1458	1247
1459	713
1459	763
1459	2024
1460	744
1460	2730
1460	2875
1461	597
1461	819
1461	2365
1462	279
1462	1347
1462	1628
1463	17
1463	1706
1463	2299
1464	9
1464	374
1464	1138
1465	915
1465	1558
1465	1706
1466	260
1466	1144
1466	1278
1467	91
1467	1624
1467	2399
1468	521
1468	1046
1468	2641
1469	205
1469	1684
1469	1809
1470	588
1470	1074
1470	2845
1471	496
1471	1567
1471	1864
1472	445
1472	1006
1472	1049
1473	597
1473	1212
1473	1339
1474	1396
1474	2407
1474	2559
1475	637
1475	2128
1475	2251
1476	675
1476	1787
1476	2189
1477	1666
1477	1845
1477	2661
1478	597
1478	2089
1478	2130
1479	286
1479	1307
1479	1815
1480	327
1480	491
1480	1533
1481	209
1481	430
1481	2613
1482	482
1482	1579
1482	1880
1483	1288
1483	1991
1483	2933
1484	875
1484	1492
1484	2300
1485	779
1485	1125
1485	1392
1486	561
1486	1053
1486	1537
1487	209
1487	1150
1487	2613
1488	1801
1488	1943
1488	2114
1489	90
1489	369
1489	597
1490	108
1490	1791
1490	2519
1491	180
1491	385
1491	666
1492	1148
1492	1709
1492	2300
1493	76
1493	506
1493	2106
1494	1006
1494	1049
1494	2539
1495	342
1495	1639
1495	1871
1496	597
1496	1958
1496	2408
1497	406
1497	847
1497	2800
1498	1505
1498	2253
1498	2918
1499	722
1499	890
1499	1987
1500	371
1500	1805
1500	2573
1501	1049
1501	1398
1501	2114
1502	266
1502	472
1502	523
1503	1139
1503	1418
1503	2012
1504	325
1504	972
1504	1624
1505	535
1505	2253
1505	2578
1506	51
1506	1642
1506	2324
1507	316
1507	435
1507	1583
1508	900
1508	1263
1508	2380
1509	578
1509	879
1509	2014
1510	410
1510	1220
1510	1935
1511	1201
1511	1783
1511	2187
1512	89
1512	2051
1512	2550
1513	138
1513	141
1513	2906
1514	780
1514	1203
1514	2434
1515	327
1515	733
1515	2819
1516	247
1516	822
1516	2839
1517	147
1517	862
1517	2570
1518	1339
1518	2237
1518	2607
1519	178
1519	803
1519	2524
1520	602
1520	1725
1520	1750
1521	78
1521	678
1521	1601
1522	597
1522	1715
1522	2347
1523	803
1523	1784
1523	2056
1524	152
1524	712
1524	2157
1525	391
1525	2114
1525	2538
1526	53
1526	711
1526	2864
1527	991
1527	2019
1527	2440
1528	953
1528	1619
1528	1688
1529	902
1529	2009
1529	2229
1530	464
1530	1634
1530	1864
1531	871
1531	1357
1531	1383
1532	986
1532	1661
1532	1849
1533	116
1533	327
1533	2502
1534	105
1534	1172
1534	2724
1535	713
1535	1063
1535	1290
1536	245
1536	1198
1536	1248
1537	624
1537	1432
1537	1663
1538	713
1538	1290
1538	1749
1539	671
1539	706
1539	1671
1540	39
1540	1594
1540	2709
1541	1347
1541	1379
1541	1561
1542	1043
1542	1228
1542	2643
1543	842
1543	985
1543	1849
1544	83
1544	1044
1544	1626
1545	2265
1545	2432
1545	2537
1546	623
1546	1176
1546	2176
1547	554
1547	2081
1547	2309
1548	1592
1548	1673
1548	2145
1549	653
1549	1138
1549	2841
1550	1073
1550	2764
1550	2888
1551	468
1551	601
1551	1455
1552	205
1552	1138
1552	1699
1553	1014
1553	1202
1553	2630
1554	461
1554	2499
1554	2648
1555	445
1555	1006
1555	1049
1556	123
1556	502
1556	1191
1557	644
1557	1708
1557	2640
1558	1465
1558	1706
1558	2810
1559	521
1559	545
1559	2641
1560	43
1560	1211
1560	2627
1561	1541
1561	1861
1561	2859
1562	136
1562	1049
1562	1731
1563	50
1563	1203
1563	2099
1564	56
1564	1086
1564	1261
1565	288
1565	751
1565	1734
1566	268
1566	1670
1566	1702
1567	1325
1567	1742
1567	2682
1568	908
1568	2080
1568	2225
1569	573
1569	694
1569	981
1570	23
1570	76
1570	305
1571	402
1571	597
1571	2237
1572	81
1572	787
1572	1014
1573	677
1573	834
1573	1565
1574	624
1574	1537
1574	2309
1575	584
1575	777
1575	2202
1576	572
1576	867
1576	1640
1577	752
1577	2212
1577	2351
1578	130
1578	2248
1578	2461
1579	482
1579	534
1579	1482
1580	756
1580	957
1580	2840
1581	458
1581	804
1581	2067
1582	462
1582	837
1582	2232
1583	316
1583	1507
1583	2566
1584	879
1584	1111
1584	1612
1585	1049
1585	2156
1585	2931
1586	1206
1586	1636
1586	2244
1587	51
1587	2057
1587	2324
1588	1176
1588	1843
1588	2146
1589	1040
1589	1126
1589	1876
1590	1291
1590	1349
1590	2285
1591	122
1591	1350
1591	2735
1592	1548
1592	2346
1592	2769
1593	602
1593	1725
1593	2871
1594	605
1594	1262
1594	2764
1595	408
1595	597
1595	819
1596	332
1596	412
1596	1339
1597	96
1597	2253
1597	2470
1598	1277
1598	2330
1598	2538
1599	138
1599	375
1599	2906
1600	964
1600	1132
1600	2743
1601	678
1601	859
1601	1521
1602	282
1602	1800
1602	2187
1603	343
1603	1341
1603	2670
1604	597
1604	885
1604	1079
1605	784
1605	890
1605	2396
1606	2109
1606	2357
1606	2410
1607	893
1607	1279
1607	1827
1608	2237
1608	2534
1608	2584
1609	1254
1609	1400
1609	1610
1610	274
1610	1254
1610	1609
1611	1138
1611	1313
1611	2619
1612	879
1612	1239
1612	2746
1613	75
1613	2003
1613	2524
1614	1892
1614	2245
1614	2329
1615	1111
1615	1907
1615	2921
1616	1577
1616	2351
1616	2898
1617	437
1617	838
1617	2896
1618	366
1618	469
1618	2357
1619	392
1619	953
1619	2684
1620	424
1620	998
1620	1835
1621	466
1621	1106
1621	2137
1622	894
1622	1014
1622	1273
1623	501
1623	1198
1623	1794
1624	91
1624	1129
1624	1906
1625	63
1625	76
1625	401
1626	960
1626	1044
1626	1664
1627	535
1627	2470
1627	2578
1628	1561
1628	1861
1628	2165
1629	303
1629	660
1629	1701
1630	109
1630	253
1630	2237
1631	112
1631	170
1631	972
1632	1468
1632	1559
1632	2549
1633	446
1633	893
1633	1288
1634	2232
1634	2692
1634	2821
1635	978
1635	1017
1635	2848
1636	1206
1636	1586
1636	2244
1637	76
1637	563
1637	2106
1638	134
1638	1371
1638	2314
1639	342
1639	354
1639	1871
1640	860
1640	1341
1640	2251
1641	55
1641	1103
1641	1138
1642	51
1642	476
1642	2324
1643	1317
1643	2042
1643	2302
1644	759
1644	2367
1644	2846
1645	708
1645	2370
1645	2638
1646	465
1646	2601
1646	2884
1647	1800
1647	2187
1647	2916
1648	1132
1648	1335
1648	2634
1649	715
1649	1176
1649	2589
1650	1339
1650	2216
1650	2237
1651	1006
1651	1472
1651	2114
1652	2070
1652	2503
1652	2883
1653	926
1653	1289
1653	1640
1654	328
1654	1138
1654	2895
1655	116
1655	381
1655	1333
1656	564
1656	2237
1656	2396
1657	220
1657	2658
1657	2888
1658	204
1658	1249
1658	2732
1659	45
1659	526
1659	1976
1660	73
1660	1163
1660	2890
1661	986
1661	1849
1661	2393
1662	2416
1662	2421
1662	2629
1663	561
1663	624
1663	1432
1664	168
1664	960
1664	1626
1665	225
1665	900
1665	2078
1666	1845
1666	2661
1666	2923
1667	1506
1667	1587
1667	1642
1668	328
1668	1076
1668	1138
1669	769
1669	2299
1669	2948
1670	1102
1670	2419
1670	2612
1671	1033
1671	1111
1671	2335
1672	1100
1672	2343
1672	2490
1673	1592
1673	1852
1673	2949
1674	1006
1674	2266
1674	2358
1675	639
1675	1032
1675	1457
1676	360
1676	863
1676	2138
1677	646
1677	1310
1677	2129
1678	964
1678	1679
1678	1789
1679	1167
1679	1899
1679	2042
1680	53
1680	1045
1680	1230
1681	1006
1681	1049
1681	1757
1682	694
1682	901
1682	1944
1683	872
1683	1451
1683	2873
1684	725
1684	1028
1684	1426
1685	306
1685	388
1685	2849
1686	713
1686	1968
1686	2373
1687	1201
1687	2187
1687	2332
1688	953
1688	1528
1688	1619
1689	512
1689	1951
1689	2770
1690	261
1690	936
1690	1799
1691	313
1691	972
1691	1301
1692	114
1692	1012
1692	1770
1693	654
1693	1068
1693	1849
1694	1983
1694	2010
1694	2745
1695	496
1695	857
1695	1875
1696	59
1696	504
1696	2237
1697	986
1697	1849
1697	2807
1698	815
1698	1716
1698	1899
1699	328
1699	1138
1699	2282
1700	133
1700	1755
1700	2535
1701	303
1701	660
1701	1629
1702	457
1702	1726
1702	2581
1703	1006
1703	1049
1703	2539
1704	17
1704	2692
1704	2947
1705	597
1705	904
1705	2163
1706	382
1706	915
1706	946
1707	788
1707	1617
1707	2727
1708	261
1708	1557
1708	2640
1709	8
1709	875
1709	1492
1710	13
1710	691
1710	1924
1711	705
1711	767
1711	1006
1712	597
1712	764
1712	2032
1713	324
1713	1100
1713	2490
1714	1163
1714	2286
1714	2890
1715	597
1715	2347
1715	2479
1716	1296
1716	1698
1716	2912
1717	201
1717	1858
1717	2097
1718	1157
1718	1793
1718	2894
1719	180
1719	754
1719	1002
1720	1224
1720	1357
1720	1383
1721	888
1721	988
1721	2042
1722	213
1722	1014
1722	1553
1723	1160
1723	1323
1723	1339
1724	1066
1724	1275
1724	2712
1725	602
1725	1520
1725	2871
1726	1620
1726	1678
1726	1702
1727	224
1727	597
1727	795
1728	893
1728	1388
1728	1827
1729	834
1729	840
1729	1565
1730	1858
1730	2205
1730	2220
1731	136
1731	1049
1731	1562
1732	672
1732	1561
1732	1861
1733	1176
1733	2599
1733	2768
1734	834
1734	840
1734	1386
1735	180
1735	1973
1735	2671
1736	1619
1736	1951
1736	2542
1737	315
1737	893
1737	2436
1738	1347
1738	2150
1738	2626
1739	96
1739	535
1739	2253
1740	8
1740	875
1740	2259
1741	35
1741	1804
1741	2002
1742	1325
1742	1567
1742	1695
1743	953
1743	1528
1743	1619
1744	256
1744	632
1744	1820
1745	322
1745	586
1745	2415
1746	1778
1746	2429
1746	2451
1747	893
1747	1411
1747	1827
1748	284
1748	611
1748	2538
1749	652
1749	713
1749	1904
1750	602
1750	1593
1750	2871
1751	597
1751	1163
1751	1660
1752	33
1752	792
1752	2237
1753	2095
1753	2611
1753	2659
1754	30
1754	1121
1754	1310
1755	1700
1755	2228
1755	2746
1756	94
1756	775
1756	2766
1757	1006
1757	1049
1757	1681
1758	352
1758	1183
1758	2237
1759	223
1759	2023
1759	2538
1760	288
1760	751
1760	1565
1761	597
1761	1071
1761	1389
1762	1234
1762	2503
1762	2924
1763	309
1763	2081
1763	2309
1764	1913
1764	2446
1764	2835
1765	2088
1765	2540
1765	2632
1766	884
1766	2649
1766	2742
1767	467
1767	1603
1767	2703
1768	520
1768	597
1768	2668
1769	670
1769	1208
1769	1791
1770	114
1770	597
1770	1012
1771	593
1771	860
1771	2104
1772	138
1772	375
1772	2734
1773	1561
1773	1628
1773	1861
1774	605
1774	2802
1774	2942
1775	52
1775	2291
1775	2772
1776	413
1776	1294
1776	2917
1777	532
1777	883
1777	1818
1778	1746
1778	2429
1778	2451
1779	371
1779	2484
1779	2585
1780	561
1780	582
1780	1701
1781	295
1781	893
1781	1985
1782	1083
1782	1207
1782	1976
1783	910
1783	1897
1783	2187
1784	507
1784	1523
1784	2056
1785	1066
1785	1849
1785	2788
1786	785
1786	1303
1786	2574
1787	253
1787	766
1787	2897
1788	194
1788	373
1788	1306
1789	964
1789	1678
1789	1679
1790	1066
1790	1367
1790	2237
1791	108
1791	670
1791	1975
1792	1858
1792	2272
1792	2521
1793	1407
1793	1718
1793	2894
1794	47
1794	1198
1794	2621
1795	393
1795	2587
1795	2651
1796	971
1796	1614
1796	2525
1797	32
1797	1416
1797	1680
1798	44
1798	1138
1798	1284
1799	261
1799	936
1799	1690
1800	228
1800	2187
1800	2221
1801	1943
1801	2114
1801	2915
1802	81
1802	1014
1802	2630
1803	521
1803	1328
1803	1832
1804	778
1804	2051
1804	2934
1805	1500
1805	2267
1805	2819
1806	1942
1806	2062
1806	2342
1807	488
1807	1134
1807	2314
1808	1537
1808	2073
1808	2323
1809	725
1809	2167
1809	2865
1810	142
1810	1213
1810	1561
1811	42
1811	255
1811	1143
1812	2253
1812	2470
1812	2578
1813	1331
1813	2419
1813	2480
1814	468
1814	601
1814	1935
1815	1111
1815	2374
1815	2718
1816	312
1816	2353
1816	2369
1817	32
1817	1797
1817	1869
1818	854
1818	883
1818	1777
1819	749
1819	1485
1819	2608
1820	256
1820	632
1820	1181
1821	224
1821	812
1821	2052
1822	869
1822	1779
1822	2380
1823	1309
1823	1365
1823	2800
1824	1176
1824	2495
1824	2599
1825	974
1825	2126
1825	2358
1826	1910
1826	1953
1826	2695
1827	719
1827	893
1827	1985
1828	566
1828	1994
1828	2245
1829	230
1829	1423
1829	2652
1830	250
1830	550
1830	2396
1831	1152
1831	1288
1831	2408
1832	32
1832	155
1832	1803
1833	128
1833	713
1833	1324
1834	1076
1834	2691
1834	2721
1835	1620
1835	1927
1835	2166
1836	293
1836	2296
1836	2946
1837	238
1837	957
1837	1529
1838	1049
1838	2156
1838	2931
1839	908
1839	1292
1839	2907
1840	1057
1840	2042
1840	2638
1841	594
1841	1258
1841	1404
1842	320
1842	1289
1842	1341
1843	610
1843	623
1843	1176
1844	138
1844	454
1844	2734
1845	244
1845	2661
1845	2923
1846	316
1846	435
1846	2011
1847	249
1847	537
1847	2493
1848	580
1848	597
1848	2917
1849	985
1849	1543
1849	2393
1850	751
1850	1565
1850	1760
1851	1138
1851	2262
1851	2282
1852	1404
1852	1673
1852	2949
1853	702
1853	1878
1853	2722
1854	893
1854	905
1854	1728
1855	530
1855	588
1855	979
1856	575
1856	1347
1856	1356
1857	59
1857	1098
1857	1294
1858	1730
1858	2205
1858	2220
1859	189
1859	1631
1859	2048
1860	10
1860	494
1860	1194
1861	1561
1861	1628
1861	2165
1862	343
1862	1603
1862	2456
1863	2058
1863	2538
1863	2548
1864	1471
1864	2154
1864	2820
1865	572
1865	1355
1865	2416
1866	1087
1866	2477
1866	2547
1868	81
1868	169
1868	932
1869	1230
1869	1817
1869	2864
1870	1606
1870	2184
1870	2667
1871	342
1871	354
1871	1639
1872	930
1872	946
1872	1706
1873	1132
1873	1335
1873	1648
1874	602
1874	669
1874	2018
1875	41
1875	405
1875	1283
1876	1040
1876	1589
1876	2204
1877	14
1877	2538
1877	2548
1878	17
1878	56
1878	2722
1879	1282
1879	2237
1879	2823
1880	1329
1880	2654
1880	2799
1881	1299
1881	1586
1881	2428
1882	1013
1882	1203
1882	1563
1883	76
1883	1493
1883	2106
1884	677
1884	751
1884	1565
1885	490
1885	692
1885	1036
1886	306
1886	388
1886	2523
1887	106
1887	1560
1887	2543
1888	597
1888	904
1888	1660
1889	1006
1889	1049
1889	1472
1890	1138
1890	2010
1890	2745
1891	728
1891	2050
1891	2641
1892	1994
1892	2245
1892	2931
1893	647
1893	2314
1893	2334
1894	674
1894	2022
1894	2068
1895	254
1895	597
1895	1393
1896	87
1896	307
1896	1146
1897	1226
1897	2187
1897	2582
1898	1198
1898	1955
1898	2172
1899	762
1899	1167
1899	2233
1900	1203
1900	2358
1900	2412
1901	1730
1901	1858
1901	2220
1902	329
1902	383
1902	597
1903	342
1903	1639
1903	2183
1904	713
1904	1214
1904	2373
1905	223
1905	1073
1905	2538
1906	91
1906	1129
1906	1624
1907	578
1907	1239
1907	2535
1908	1014
1908	2162
1908	2427
1909	164
1909	1138
1909	1552
1910	1713
1910	1953
1910	2695
1911	907
1911	1006
1911	1049
1912	227
1912	2059
1912	2514
1913	1764
1913	2446
1913	2835
1914	597
1914	1071
1914	2707
1915	375
1915	1345
1915	1772
1916	933
1916	1250
1916	1319
1917	91
1917	1624
1917	2471
1918	1010
1918	2473
1918	2521
1919	95
1919	1227
1919	2719
1920	292
1920	370
1920	2230
1921	713
1921	1063
1921	2733
1922	177
1922	383
1922	1454
1923	606
1923	1285
1923	2926
1924	533
1924	1031
1924	2860
1925	858
1925	1366
1925	2239
1926	870
1926	2097
1926	2263
1927	161
1927	1203
1927	1626
1928	306
1928	388
1928	2849
1929	201
1929	1730
1929	1858
1930	299
1930	1254
1930	1609
1931	132
1931	1841
1931	2358
1932	117
1932	746
1932	1541
1933	305
1933	447
1933	2752
1934	25
1934	597
1934	2706
1935	468
1935	601
1935	1220
1936	801
1936	1203
1936	2815
1937	237
1937	1564
1937	2150
1938	2054
1938	2172
1938	2869
1939	142
1939	561
1939	1213
1940	8
1940	875
1940	2259
1941	1262
1941	1966
1941	2727
1942	486
1942	1138
1942	1806
1943	1801
1943	2114
1943	2915
1944	669
1944	796
1944	1682
1945	1477
1945	1666
1945	1905
1946	984
1946	1826
1946	2695
1947	51
1947	1506
1947	2057
1948	62
1948	160
1948	1430
1949	1673
1949	1852
1949	2567
1950	853
1950	2491
1950	2929
1951	353
1951	661
1951	922
1952	713
1952	2379
1952	2925
1953	1910
1953	2490
1953	2695
1954	472
1954	2384
1954	2906
1955	432
1955	501
1955	1198
1956	1600
1956	2063
1956	2638
1957	76
1957	379
1957	524
1958	622
1958	1231
1958	2751
1959	463
1959	1667
1959	2538
1960	17
1960	702
1960	2692
1961	77
1961	85
1961	1570
1962	888
1962	988
1962	1721
1963	879
1963	899
1963	1612
1964	13
1964	1924
1964	2198
1966	1072
1966	2038
1966	2624
1967	80
1967	544
1967	2048
1968	713
1968	1337
1968	1749
1969	1006
1969	1049
1969	1681
1970	563
1970	1266
1970	2106
1971	945
1971	1836
1971	2296
1972	1718
1972	2424
1972	2894
1973	180
1973	754
1973	2671
1974	1890
1974	2010
1974	2745
1975	108
1975	670
1975	1791
1976	45
1976	1083
1976	1207
1977	1162
1977	1421
1977	1700
1978	67
1978	2105
1978	2935
1979	324
1979	1713
1979	2490
1980	1327
1980	2187
1980	2916
1981	624
1981	875
1981	2309
1982	223
1982	2153
1982	2538
1983	1694
1983	2010
1983	2745
1984	242
1984	1339
1984	2569
1985	893
1985	1274
1985	1388
1986	803
1986	1519
1986	2444
1987	51
1987	1642
1987	2900
1988	138
1988	1095
1988	1599
1989	597
1989	1674
1989	2237
1990	1891
1990	2175
1990	2237
1991	2299
1991	2455
1991	2826
1992	1262
1992	1594
1992	2764
1993	265
1993	287
1993	517
1994	1055
1994	2218
1994	2245
1995	900
1995	1186
1995	1779
1996	769
1996	1741
1996	2211
1997	1540
1997	2292
1997	2904
1998	487
1998	948
1998	2293
1999	388
1999	1450
1999	1928
2000	77
2000	401
2000	1051
2001	2530
2001	2713
2001	2898
2002	1741
2002	1804
2002	2476
2003	75
2003	1613
2003	2524
2004	386
2004	1049
2004	2931
2005	105
2005	1534
2005	2724
2006	160
2006	203
2006	1441
2007	893
2007	1781
2007	2939
2008	275
2008	546
2008	2655
2009	960
2009	1529
2009	2931
2010	1694
2010	1983
2010	2745
2011	435
2011	2342
2011	2804
2012	1139
2012	1418
2012	1503
2013	559
2013	609
2013	2292
2014	879
2014	1111
2014	1612
2015	544
2015	923
2015	1420
2016	765
2016	1176
2016	2553
2017	474
2017	891
2017	1014
2018	1874
2018	2592
2018	2815
2019	1339
2019	1527
2019	2650
2020	1608
2020	2534
2020	2584
2021	738
2021	1331
2021	1387
2022	674
2022	1894
2022	2068
2023	193
2023	1049
2023	2538
2024	128
2024	713
2024	1904
2025	186
2025	232
2025	2932
2026	194
2026	1650
2026	2216
2027	299
2027	1310
2027	1610
2028	1006
2028	1049
2028	2217
2029	651
2029	1443
2029	2066
2030	105
2030	1016
2030	2724
2031	2040
2031	2114
2031	2538
2032	597
2032	764
2032	1712
2033	1339
2033	2606
2033	2922
2034	361
2034	1338
2034	2931
2035	371
2035	1379
2035	1541
2036	438
2036	893
2036	1120
2037	1542
2037	2643
2037	2723
2038	39
2038	1072
2038	1966
2039	75
2039	726
2039	1523
2040	223
2040	2114
2040	2538
2041	1049
2041	2114
2041	2784
2042	964
2042	1679
2042	1789
2043	423
2043	797
2043	1950
2044	659
2044	2064
2044	2416
2045	77
2045	304
2045	563
2046	919
2046	982
2046	2488
2047	1260
2047	1369
2047	2485
2048	972
2048	1859
2048	2777
2049	561
2049	875
2049	2672
2050	848
2050	2641
2050	2697
2051	778
2051	1804
2051	2934
2052	79
2052	224
2052	812
2053	284
2053	1616
2053	2538
2054	245
2054	1198
2054	2602
2055	105
2055	1172
2055	1534
2056	584
2056	647
2056	2423
2057	51
2057	1587
2057	1947
2058	1863
2058	2102
2058	2538
2059	1912
2059	2514
2059	2671
2060	361
2060	471
2060	1192
2061	907
2061	1911
2061	2728
2062	1024
2062	1138
2062	2704
2063	1383
2063	1899
2063	1956
2064	860
2064	2104
2064	2739
2065	784
2065	1014
2065	2084
2066	651
2066	1443
2066	2029
2067	757
2067	804
2067	1581
2068	674
2068	1894
2068	2022
2069	300
2069	1278
2069	1625
2070	1075
2070	1587
2070	1652
2071	936
2071	1200
2071	2648
2072	1634
2072	1704
2072	2692
2073	1537
2073	1808
2073	2323
2074	1049
2074	2114
2074	2538
2075	597
2075	1715
2075	2223
2076	18
2076	2187
2076	2582
2077	1
2077	1421
2077	2310
2078	900
2078	1263
2078	2380
2079	893
2079	2173
2079	2264
2080	602
2080	1050
2080	1190
2081	1405
2081	1547
2081	2309
2082	163
2082	597
2082	2111
2083	513
2083	1074
2083	2845
2084	1014
2084	2065
2084	2375
2085	183
2085	379
2085	2106
2086	798
2086	1006
2086	2784
2087	1094
2087	1950
2087	2804
2088	963
2088	1523
2088	2203
2089	597
2089	913
2089	1406
2090	434
2090	1016
2090	2450
2091	1177
2091	2571
2091	2927
2092	1167
2092	2042
2092	2638
2093	726
2093	803
2093	2356
2094	1260
2094	2047
2094	2351
2095	326
2095	1349
2095	2626
2096	1852
2096	2155
2096	2769
2097	20
2097	201
2097	1717
2098	936
2098	1690
2098	2648
2099	780
2099	1006
2099	1203
2100	1800
2100	2187
2100	2426
2101	209
2101	1150
2101	2613
2102	1863
2102	2058
2102	2538
2103	1268
2103	2483
2103	2618
2104	593
2104	860
2104	1771
2105	67
2105	160
2105	2252
2106	76
2106	563
2106	1493
2107	828
2107	1006
2107	1102
2108	311
2108	2050
2108	2775
2109	1606
2109	2184
2109	2667
2110	187
2110	2144
2110	2723
2111	908
2111	1562
2111	1568
2112	18
2112	802
2112	2187
2113	348
2113	1855
2113	2333
2114	798
2114	1064
2114	1488
2115	143
2115	642
2115	2814
2116	481
2116	1848
2116	2917
2117	1440
2117	2538
2117	2782
2118	1490
2118	1791
2118	2519
2119	151
2119	216
2119	761
2120	1006
2120	1049
2120	1555
2121	1399
2121	1479
2121	1815
2122	2145
2122	2677
2122	2769
2123	760
2123	1887
2123	2781
2124	1150
2124	2685
2124	2913
2125	2395
2125	2538
2125	2603
2126	767
2126	799
2126	1825
2127	1069
2127	1565
2127	1729
2128	637
2128	1475
2128	2288
2129	1310
2129	1677
2129	1754
2130	597
2130	1478
2130	2089
2131	1036
2131	1212
2131	2408
2132	147
2132	1138
2132	1909
2133	1252
2133	2237
2133	2358
2134	597
2134	868
2134	1715
2135	900
2135	1263
2135	2380
2136	103
2136	194
2136	1804
2137	466
2137	1106
2137	1621
2138	863
2138	2178
2138	2821
2139	18
2139	2112
2139	2187
2140	900
2140	1263
2140	2135
2141	77
2141	507
2141	1242
2142	1006
2142	1217
2142	1354
2143	805
2143	2106
2143	2407
2144	187
2144	2110
2144	2723
2145	1673
2145	2122
2145	2677
2146	1176
2146	2711
2146	2801
2147	845
2147	2483
2147	2618
2148	2353
2148	2863
2148	2877
2149	147
2149	205
2149	344
2150	1564
2150	1569
2150	1738
2151	793
2151	880
2151	2772
2152	772
2152	2802
2152	2942
2153	895
2153	1073
2153	1212
2154	466
2154	1864
2154	2137
2155	1731
2155	2096
2155	2769
2156	1049
2156	2004
2156	2931
2157	152
2157	712
2157	1524
2158	1203
2158	1563
2158	2358
2159	893
2159	2262
2159	2570
2160	478
2160	2418
2160	2867
2161	32
2161	1803
2161	2641
2162	1014
2162	1202
2162	1802
2163	597
2163	1133
2163	2448
2164	307
2164	1146
2164	2497
2165	1561
2165	1628
2165	1861
2166	998
2166	1620
2166	1789
2167	205
2167	1028
2167	1809
2168	374
2168	2421
2168	2790
2169	997
2169	2396
2169	2469
2170	957
2170	1260
2170	1529
2171	707
2171	893
2171	1737
2172	47
2172	1198
2172	1794
2173	893
2173	905
2173	1279
2174	1339
2174	1984
2174	2237
2175	333
2175	1891
2175	2797
2176	623
2176	1176
2176	2803
2177	902
2177	1529
2177	2351
2178	863
2178	2138
2178	2781
2179	561
2179	2049
2179	2464
2180	1367
2180	1830
2180	2237
2181	597
2181	1163
2181	2196
2182	580
2182	597
2182	658
2183	342
2183	354
2183	1639
2184	1870
2184	2109
2184	2222
2185	1438
2185	1953
2185	2881
2186	919
2186	1950
2186	2575
2187	18
2187	156
2187	2362
2188	1295
2188	2287
2188	2431
2189	1476
2189	2729
2189	2897
2190	235
2190	918
2190	1050
2191	1234
2191	2324
2191	2883
2192	1521
2192	1590
2192	2659
2193	192
2193	597
2193	2448
2194	813
2194	1006
2194	1049
2195	713
2195	855
2195	1229
2196	185
2196	597
2196	913
2197	157
2197	192
2197	597
2198	691
2198	938
2198	2860
2199	890
2199	1006
2199	1414
2200	869
2200	1779
2200	2484
2201	1160
2201	2312
2201	2439
2202	584
2202	647
2202	2056
2203	1523
2203	1784
2203	2039
2204	1040
2204	1126
2204	1876
2205	1730
2205	1858
2205	2220
2206	389
2206	1953
2206	2330
2207	1176
2207	2146
2207	2768
2208	157
2208	175
2208	2892
2209	158
2209	1395
2209	1779
2210	996
2210	1268
2210	2525
2211	194
2211	769
2211	1422
2212	752
2212	902
2212	2945
2213	1098
2213	2278
2213	2320
2214	134
2214	667
2214	2314
2215	2063
2215	2718
2215	2720
2216	1650
2216	1705
2216	1761
2217	1006
2217	1049
2217	2028
2218	1055
2218	1892
2218	2245
2219	503
2219	2022
2219	2705
2220	1730
2220	1858
2220	2205
2221	228
2221	282
2221	2187
2222	140
2222	2184
2222	2360
2223	597
2223	1715
2223	2347
2224	266
2224	492
2224	1502
2225	908
2225	1839
2225	2907
2226	104
2226	1397
2226	2034
2227	99
2227	753
2227	2752
2228	133
2228	1700
2228	1755
2229	1052
2229	1529
2229	2009
2230	362
2230	1111
2230	1195
2231	40
2231	551
2231	2914
2232	462
2232	1582
2232	2308
2233	762
2233	1167
2233	1899
2234	919
2234	2575
2234	2867
2235	342
2235	1091
2235	2676
2236	219
2236	587
2236	1001
2237	625
2237	1367
2237	2596
2238	302
2238	480
2238	2944
2239	858
2239	1366
2239	1925
2240	487
2240	948
2240	2293
2241	1043
2241	1228
2241	2269
2242	918
2242	1209
2242	2299
2243	944
2243	2288
2243	2836
2244	1206
2244	1413
2244	2600
2245	566
2245	2218
2245	2794
2246	467
2246	1178
2246	1429
2247	75
2247	407
2247	1613
2248	130
2248	1578
2248	2461
2249	366
2249	469
2249	1424
2250	501
2250	866
2250	1198
2251	972
2251	1475
2251	1624
2252	160
2252	741
2252	2105
2253	1812
2253	2470
2253	2578
2254	875
2254	2467
2254	2672
2255	1014
2255	1168
2255	1864
2256	1990
2256	2175
2256	2366
2257	679
2257	1332
2257	2655
2258	317
2258	475
2258	2845
2259	8
2259	875
2259	1940
2260	141
2260	492
2260	1109
2261	782
2261	1366
2261	1763
2262	527
2262	1138
2262	2895
2263	20
2263	1010
2263	2522
2264	719
2264	893
2264	1388
2265	1545
2265	2432
2265	2762
2266	2237
2266	2358
2266	2394
2267	1500
2267	1805
2267	2819
2268	348
2268	421
2268	458
2269	1043
2269	1225
2269	1228
2270	1321
2270	2169
2270	2396
2271	180
2271	754
2271	1491
2272	574
2272	877
2272	1792
2273	293
2273	2538
2273	2782
2274	705
2274	1891
2274	2237
2275	313
2275	1082
2275	1504
2276	1138
2276	2062
2276	2704
2277	27
2277	1203
2277	2419
2278	597
2278	2320
2278	2755
2279	1073
2279	1657
2279	2764
2280	1232
2280	1806
2280	1942
2281	1314
2281	1432
2281	1940
2282	527
2282	1138
2282	2895
2283	415
2283	597
2283	724
2284	1972
2284	2577
2284	2894
2285	1291
2285	1349
2285	1590
2286	1163
2286	1660
2286	1714
2287	942
2287	1295
2287	2431
2288	637
2288	944
2288	1475
2289	262
2289	722
2289	890
2290	81
2290	1014
2290	1553
2291	1497
2291	1775
2291	2685
2292	1997
2292	2013
2292	2904
2293	584
2293	2056
2293	2423
2294	621
2294	1128
2294	1130
2295	407
2295	1986
2295	2444
2296	293
2296	1836
2296	2395
2297	871
2297	1224
2297	1720
2298	608
2298	1176
2298	2599
2299	2761
2299	2826
2299	2887
2300	875
2300	1484
2300	1492
2301	993
2301	1198
2301	2623
2302	964
2302	1317
2302	1643
2303	415
2303	597
2303	1712
2304	1018
2304	1212
2304	2764
2305	893
2305	1076
2305	1138
2306	249
2306	528
2306	2401
2307	255
2307	969
2307	2233
2308	462
2308	1582
2308	2232
2309	1171
2309	1405
2309	2447
2310	879
2310	1421
2310	2746
2311	597
2311	913
2311	1389
2312	1160
2312	2201
2312	2439
2313	1639
2313	1903
2313	2183
2314	898
2314	1638
2314	2462
2315	2
2315	421
2315	2268
2316	628
2316	1049
2316	1889
2317	465
2317	685
2317	1395
2318	225
2318	900
2318	2380
2319	273
2319	1309
2319	2114
2320	597
2320	2278
2320	2755
2321	1488
2321	2114
2321	2480
2322	1614
2322	2517
2322	2590
2323	1537
2323	1808
2323	2073
2324	51
2324	1506
2324	1642
2325	1134
2325	2056
2325	2158
2326	302
2326	442
2326	2238
2327	1107
2327	1773
2327	2585
2328	386
2328	1338
2328	2931
2329	1055
2329	1614
2329	1994
2330	1277
2330	1713
2330	2490
2331	683
2331	692
2331	2408
2332	802
2332	1226
2332	2187
2333	757
2333	2414
2333	2832
2334	650
2334	1049
2334	2538
2335	286
2335	1479
2335	2914
2336	762
2336	1033
2336	1167
2337	127
2337	629
2337	2789
2338	561
2338	1432
2338	1537
2339	592
2339	1951
2339	2610
2340	597
2340	1389
2340	1406
2341	627
2341	900
2341	2484
2342	862
2342	1806
2342	2262
2343	337
2343	1672
2343	2834
2344	424
2344	998
2344	2898
2345	862
2345	1138
2345	2062
2346	1404
2346	1592
2346	2096
2347	597
2347	2479
2347	2917
2348	43
2348	70
2348	2543
2349	17
2349	821
2349	2692
2350	893
2350	1781
2350	1985
2351	902
2351	1044
2351	2898
2352	967
2352	1706
2352	2810
2353	312
2353	1816
2353	2369
2354	1012
2354	1292
2354	1770
2355	602
2355	1725
2355	2358
2356	817
2356	1784
2356	2093
2357	469
2357	2109
2357	2410
2358	1900
2358	2237
2358	2710
2359	887
2359	1281
2359	2211
2360	140
2360	769
2360	2222
2361	134
2361	667
2361	2731
2362	796
2362	2187
2362	2916
2363	101
2363	297
2363	2478
2364	428
2364	1057
2364	2638
2365	597
2365	885
2365	1604
2366	1990
2366	2175
2366	2256
2367	759
2367	1644
2367	2846
2368	893
2368	1854
2368	2436
2369	312
2369	1816
2369	2353
2370	635
2370	2277
2370	2419
2371	326
2371	733
2371	900
2372	1203
2372	1900
2372	2358
2373	713
2373	1686
2373	1904
2374	1111
2374	2230
2374	2718
2375	1014
2375	2084
2375	2716
2376	1723
2376	1960
2376	2830
2377	316
2377	1583
2377	2566
2378	597
2378	1804
2378	2237
2379	713
2379	1535
2379	2625
2380	900
2380	1263
2380	2135
2381	150
2381	1346
2381	2796
2382	59
2382	852
2382	2347
2383	1199
2383	2538
2383	2898
2384	1550
2384	2812
2384	2882
2385	1568
2385	1849
2385	2111
2386	276
2386	1049
2386	1161
2387	653
2387	1138
2387	1806
2388	895
2388	1212
2388	2538
2389	337
2389	2490
2389	2834
2390	237
2390	1086
2390	1414
2391	791
2391	1269
2391	2398
2392	1899
2392	2042
2392	2336
2393	986
2393	1661
2393	1849
2394	2133
2394	2266
2394	2358
2395	293
2395	1836
2395	2296
2396	997
2396	2270
2396	2469
2397	597
2397	904
2397	1163
2398	791
2398	1269
2398	2391
2399	91
2399	1467
2399	1624
2400	841
2400	1330
2400	1493
2401	249
2401	1008
2401	2306
2402	815
2402	1436
2402	1789
2403	869
2403	1515
2403	1805
2404	1541
2404	1932
2404	2380
2405	68
2405	597
2405	2755
2406	313
2406	972
2406	1378
2407	805
2407	2411
2407	2763
2408	490
2408	683
2408	1152
2409	198
2409	234
2409	738
2410	1606
2410	1870
2410	2184
2411	805
2411	2407
2411	2763
2412	1203
2412	1900
2412	2358
2413	778
2413	1804
2413	2563
2414	757
2414	2333
2414	2832
2415	322
2415	586
2415	1745
2416	572
2416	1662
2416	2064
2417	243
2417	1306
2417	2857
2418	478
2418	2160
2418	2867
2419	1006
2419	1651
2419	2785
2420	1203
2420	1900
2420	2358
2421	1138
2421	2168
2421	2841
2422	1865
2422	2175
2422	2705
2423	584
2423	647
2423	2293
2424	1718
2424	1793
2424	2894
2425	538
2425	1029
2425	1946
2426	796
2426	2187
2426	2362
2427	932
2427	1014
2427	2290
2428	1299
2428	1881
2428	2793
2429	1746
2429	1778
2429	2451
2430	329
2430	383
2430	597
2431	942
2431	1295
2431	2287
2432	1545
2432	2265
2432	2833
2433	482
2433	1425
2433	1441
2434	276
2434	1006
2434	1514
2435	518
2435	686
2435	1434
2436	893
2436	1279
2436	2588
2437	1083
2437	1315
2437	2681
2438	38
2438	2215
2438	2720
2439	49
2439	1160
2439	2577
2440	991
2440	1527
2440	2019
2441	170
2441	1467
2441	2015
2442	1016
2442	1172
2442	1449
2443	713
2443	1324
2443	2605
2444	407
2444	1986
2444	2295
2445	300
2445	305
2445	1625
2446	1764
2446	1913
2446	2835
2447	1405
2447	2081
2447	2309
2448	192
2448	597
2448	2598
2449	1560
2449	2245
2449	2794
2450	434
2450	1016
2450	2090
2451	1746
2451	1778
2451	2429
2452	179
2452	247
2452	2839
2453	875
2453	949
2453	2309
2454	731
2454	842
2454	1849
2455	701
2455	1118
2455	2299
2456	343
2456	1862
2456	2670
2457	144
2457	379
2457	1003
2458	879
2458	1612
2458	2746
2459	70
2459	656
2459	1218
2460	206
2460	534
2460	2640
2461	130
2461	1578
2461	2248
2462	667
2462	783
2462	2314
2463	597
2463	755
2463	1660
2464	561
2464	887
2464	1343
2465	827
2465	1849
2465	2127
2466	294
2466	675
2466	766
2467	875
2467	2254
2467	2672
2468	40
2468	1111
2468	2921
2469	550
2469	2270
2469	2396
2470	195
2470	1023
2470	1812
2471	104
2471	1129
2471	1624
2472	1808
2472	2073
2472	2323
2473	1066
2473	1352
2473	1918
2474	542
2474	903
2474	1551
2475	257
2475	2110
2475	2723
2476	778
2476	1125
2476	1804
2477	1087
2477	1866
2477	2547
2478	92
2478	101
2478	297
2479	597
2479	1715
2479	2347
2480	1022
2480	1488
2480	2321
2481	455
2481	2066
2481	2595
2482	597
2482	904
2482	1163
2483	942
2483	1295
2483	2618
2484	869
2484	900
2484	1779
2485	1260
2485	1369
2485	2047
2486	1212
2486	1339
2486	1804
2487	161
2487	1203
2487	2742
2488	2186
2488	2575
2488	2929
2489	1035
2489	1868
2489	2787
2490	1100
2490	1713
2490	2834
2491	1950
2491	2186
2491	2735
2492	713
2492	1968
2492	2024
2493	249
2493	528
2493	2306
2494	561
2494	1314
2494	2281
2495	1176
2495	2689
2495	2711
2496	788
2496	1951
2496	1957
2497	1146
2497	1896
2497	2164
2498	89
2498	2550
2498	2662
2499	461
2499	1348
2499	2648
2500	549
2500	2237
2500	2261
2501	733
2501	1127
2501	1861
2502	327
2502	1533
2502	2915
2503	1456
2503	1587
2503	2949
2504	1198
2504	1898
2504	2621
2505	1941
2505	2038
2505	2727
2506	78
2506	638
2506	2783
2507	842
2507	1543
2507	1849
2508	678
2508	859
2508	1601
2509	209
2509	430
2509	2856
2510	882
2510	1166
2510	2299
2511	311
2511	728
2511	1803
2512	439
2512	2102
2512	2229
2513	808
2513	828
2513	1789
2514	1912
2514	2059
2514	2766
2515	972
2515	1085
2515	2048
2516	243
2516	2337
2516	2789
2517	1694
2517	1983
2517	2745
2518	532
2518	2546
2518	2943
2519	1490
2519	1791
2519	1975
2520	120
2520	1014
2520	2870
2521	1010
2521	1918
2521	2473
2522	20
2522	1010
2522	2263
2523	779
2523	1300
2523	1392
2524	75
2524	1613
2524	2003
2525	644
2525	1796
2525	2460
2526	1176
2526	2207
2526	2801
2527	101
2527	297
2527	2363
2528	533
2528	691
2528	2860
2529	295
2529	893
2529	2173
2530	209
2530	2613
2530	2913
2531	893
2531	1118
2531	2299
2532	80
2532	170
2532	972
2533	1006
2533	1494
2533	2539
2534	1608
2534	1634
2534	2072
2535	1700
2535	1755
2535	2746
2536	802
2536	1327
2536	2187
2537	1545
2537	2237
2537	2265
2538	181
2538	611
2538	650
2539	439
2539	1006
2539	1049
2540	1067
2540	1765
2540	2632
2541	748
2541	1839
2541	1849
2542	1619
2542	1951
2542	2920
2543	43
2543	1887
2543	2348
2544	609
2544	959
2544	2904
2545	333
2545	836
2545	2050
2546	871
2546	2518
2546	2943
2547	249
2547	1087
2547	2477
2548	807
2548	1187
2548	2538
2549	711
2549	1264
2549	1559
2550	89
2550	2498
2550	2662
2551	2383
2551	2898
2551	2937
2552	1212
2552	2131
2552	2408
2553	697
2553	1176
2553	2803
2554	1339
2554	1984
2554	2569
2555	145
2555	2421
2555	2841
2556	796
2556	2076
2556	2187
2557	597
2557	1133
2557	2163
2558	597
2558	617
2558	1712
2559	506
2559	524
2559	1396
2560	738
2560	1533
2560	2502
2561	1562
2561	1731
2561	2503
2562	258
2562	1083
2562	1976
2563	525
2563	1204
2563	1764
2564	989
2564	1014
2564	2620
2565	251
2565	600
2565	992
2566	316
2566	435
2566	1583
2567	1592
2567	1673
2567	2769
2568	2612
2568	2698
2568	2743
2569	1339
2569	1984
2569	2554
2570	1076
2570	1138
2570	2779
2571	168
2571	648
2571	1044
2572	2516
2572	2520
2572	2870
2573	1500
2573	2626
2573	2859
2574	785
2574	1303
2574	1786
2575	1950
2575	2186
2575	2929
2576	49
2576	325
2576	1504
2577	49
2577	1160
2577	2439
2578	535
2578	2253
2578	2470
2579	688
2579	2034
2579	2931
2580	503
2580	713
2580	2705
2581	424
2581	457
2581	998
2582	18
2582	2076
2582	2187
2583	2076
2583	2187
2583	2582
2584	1608
2584	2020
2584	2534
2585	1779
2585	2327
2585	2371
2586	1174
2586	1246
2586	1249
2587	393
2587	1795
2587	2651
2588	719
2588	893
2588	2264
2589	610
2589	1176
2589	2553
2590	1614
2590	1983
2590	2745
2591	367
2591	2150
2591	2457
2592	258
2592	1083
2592	2872
2593	1006
2593	1757
2593	1969
2594	16
2594	923
2594	1341
2595	455
2595	2029
2595	2481
2596	109
2596	625
2596	2237
2597	1883
2597	2726
2597	2763
2598	192
2598	597
2598	2448
2599	697
2599	1176
2599	1824
2600	1206
2600	1413
2600	2244
2601	465
2601	966
2601	2884
2602	1009
2602	1198
2602	2301
2603	1945
2603	2125
2603	2395
2604	597
2604	2237
2604	2358
2605	713
2605	1921
2605	2024
2606	193
2606	1081
2606	1164
2607	1339
2607	1367
2607	2237
2608	22
2608	24
2608	1667
2609	2
2609	530
2609	1006
2610	353
2610	631
2610	1951
2611	279
2611	1340
2611	1349
2612	508
2612	2696
2612	2912
2613	209
2613	430
2613	1150
2614	597
2614	913
2614	2196
2615	109
2615	1203
2615	2237
2616	225
2616	326
2616	2941
2617	1910
2617	1953
2617	2695
2618	1268
2618	2103
2618	2483
2619	168
2619	2571
2619	2831
2620	894
2620	1014
2620	2816
2621	866
2621	1198
2621	2869
2622	1093
2622	1804
2622	2934
2623	245
2623	450
2623	1198
2624	166
2624	609
2624	1966
2625	713
2625	1459
2625	1749
2626	11
2626	371
2626	2573
2627	43
2627	1211
2627	1560
2628	657
2628	1020
2628	1541
2629	1906
2629	2416
2629	2471
2630	81
2630	1014
2630	1802
2631	1049
2631	1525
2631	2114
2632	1067
2632	1765
2632	2540
2633	814
2633	1689
2633	2770
2634	449
2634	1600
2634	2568
2635	1008
2635	1026
2635	2401
2636	597
2636	705
2636	1036
2637	171
2637	549
2637	2857
2638	1167
2638	1436
2638	1840
2639	698
2639	1190
2639	1999
2640	644
2640	1557
2640	1708
2641	12
2641	521
2641	1046
2642	1730
2642	1858
2642	2220
2643	1542
2643	2037
2643	2330
2644	608
2644	623
2644	1176
2645	574
2645	2272
2645	2521
2646	185
2646	597
2646	2196
2647	792
2647	941
2647	1298
2648	461
2648	1554
2648	2499
2649	2742
2649	2806
2649	2876
2650	909
2650	991
2650	2019
2651	393
2651	1795
2651	2587
2652	476
2652	1269
2652	1456
2653	690
2653	696
2653	1173
2654	1099
2654	1329
2654	1880
2655	57
2655	679
2655	2257
2656	371
2656	733
2656	2501
2657	159
2657	1857
2657	2894
2658	1550
2658	1657
2658	2888
2659	11
2659	326
2659	1861
2660	72
2660	2793
2660	2944
2661	1666
2661	1845
2661	2923
2662	89
2662	795
2662	2498
2663	85
2663	447
2663	950
2664	886
2664	2109
2664	2410
2665	1246
2665	1390
2665	1431
2666	633
2666	2493
2666	2635
2667	1606
2667	1870
2667	2410
2668	73
2668	520
2668	2890
2669	17
2669	2265
2669	2859
2670	343
2670	1603
2670	2456
2671	180
2671	1735
2671	1973
2672	8
2672	875
2672	2338
2673	1661
2673	1839
2673	1849
2674	448
2674	945
2674	2923
2675	659
2675	1138
2675	2839
2676	76
2676	1091
2676	1493
2677	2122
2677	2145
2677	2567
2678	250
2678	784
2678	1518
2679	389
2679	403
2679	2490
2680	744
2680	2730
2680	2875
2681	526
2681	1083
2681	1976
2682	735
2682	1567
2682	1742
2683	356
2683	399
2683	754
2684	925
2684	1447
2684	1619
2685	2124
2685	2530
2685	2913
2686	1006
2686	1049
2686	2886
2687	997
2687	2270
2687	2396
2688	903
2688	1935
2688	2474
2689	1176
2689	2599
2689	2711
2690	1262
2690	2639
2690	2764
2691	1138
2691	1834
2691	2938
2692	17
2692	702
2692	1634
2693	1176
2693	1843
2693	2599
2694	1138
2694	1565
2694	1909
2695	1713
2695	1910
2695	1953
2696	1620
2696	2612
2696	2912
2697	521
2697	848
2697	1468
2698	1296
2698	1333
2698	1341
2699	141
2699	492
2699	1109
2700	1188
2700	1198
2700	1794
2701	491
2701	1480
2701	2538
2702	170
2702	313
2702	972
2703	343
2703	467
2703	1603
2704	653
2704	1039
2704	1138
2705	674
2705	2022
2705	2219
2706	25
2706	597
2706	1934
2707	597
2707	868
2707	1489
2708	597
2708	2075
2708	2134
2709	39
2709	1540
2709	2727
2710	2133
2710	2266
2710	2358
2711	1176
2711	2495
2711	2689
2712	56
2712	731
2712	1261
2713	2383
2713	2551
2713	2898
2714	471
2714	1366
2714	2781
2715	2192
2715	2371
2715	2380
2716	1014
2716	2084
2716	2375
2717	1104
2717	2076
2717	2187
2718	710
2718	1111
2718	2374
2719	1295
2719	2237
2719	2299
2720	1239
2720	1421
2720	2215
2721	846
2721	1024
2721	2570
2722	17
2722	1066
2722	1878
2723	257
2723	2110
2723	2144
2724	105
2724	1534
2724	2005
2725	1372
2725	2242
2725	2299
2726	805
2726	1883
2726	2597
2727	1262
2727	1594
2727	1941
2728	1575
2728	2061
2728	2931
2729	675
2729	1787
2729	2189
2730	744
2730	1537
2730	2875
2731	134
2731	898
2731	2910
2732	1246
2732	1249
2732	1658
2733	713
2733	1749
2733	2024
2734	111
2734	141
2734	921
2735	919
2735	1950
2735	2186
2736	1203
2736	2099
2736	2358
2737	857
2737	2358
2737	2710
2738	362
2738	1920
2738	2230
2739	1683
2739	2064
2739	2087
2740	558
2740	2238
2740	2326
2741	1011
2741	1374
2741	1791
2742	884
2742	1766
2742	2649
2743	964
2743	1679
2743	1789
2744	2186
2744	2491
2744	2575
2745	1694
2745	1974
2745	2010
2746	1111
2746	1479
2746	2374
2747	340
2747	860
2747	2064
2748	890
2748	1234
2748	2924
2749	733
2749	1347
2749	2371
2750	1505
2750	2470
2750	2578
2751	622
2751	1231
2751	1958
2752	99
2752	753
2752	2227
2753	494
2753	1347
2753	1861
2754	526
2754	1659
2754	1976
2755	68
2755	597
2755	2320
2756	1158
2756	2511
2756	2549
2757	1048
2757	1049
2757	1453
2758	1122
2758	2568
2758	2612
2759	516
2759	1009
2759	1198
2760	1206
2760	1413
2760	2244
2761	1118
2761	2299
2761	2887
2762	2265
2762	2432
2762	2692
2763	524
2763	1396
2763	2407
2764	1262
2764	1594
2764	1992
2765	197
2765	753
2765	2752
2766	94
2766	227
2766	1976
2767	256
2767	561
2767	2323
2768	715
2768	1176
2768	2801
2769	1592
2769	1673
2769	2096
2770	512
2770	1689
2770	1951
2771	1487
2771	2538
2771	2613
2772	880
2772	1241
2772	2151
2773	454
2773	492
2773	1844
2774	389
2774	895
2774	2882
2775	311
2775	1526
2775	2844
2776	76
2776	401
2776	613
2777	972
2777	1859
2777	2048
2778	1203
2778	1674
2778	2237
2779	1039
2779	1138
2779	1549
2780	193
2780	1404
2780	1951
2781	2123
2781	2138
2781	2178
2782	1049
2782	2117
2782	2538
2783	78
2783	638
2783	2506
2784	1049
2784	2114
2784	2538
2785	427
2785	2419
2785	2480
2786	66
2786	652
2786	713
2787	655
2787	1891
2787	1990
2788	1066
2788	1275
2788	1785
2789	127
2789	629
2789	2337
2790	55
2790	1138
2790	1641
2791	1903
2791	2061
2791	2313
2792	841
2792	1144
2792	1493
2793	72
2793	2428
2793	2660
2794	566
2794	2245
2794	2931
2795	469
2795	2357
2795	2664
2796	150
2796	1346
2796	2381
2797	728
2797	1046
2797	1145
2798	180
2798	385
2798	2059
2799	67
2799	1674
2799	1880
2800	1049
2800	1365
2800	2114
2801	715
2801	1176
2801	2768
2802	605
2802	1774
2802	2942
2803	623
2803	697
2803	1176
2804	314
2804	1950
2804	2011
2805	713
2805	1214
2805	1968
2806	2649
2806	2742
2806	2876
2807	1849
2807	2793
2807	2907
2808	77
2808	507
2808	2141
2809	290
2809	535
2809	2470
2810	967
2810	1706
2810	2352
2811	550
2811	906
2811	2270
2812	1293
2812	2384
2812	2882
2813	51
2813	1423
2813	1642
2814	1961
2814	2069
2814	2901
2815	1412
2815	1470
2815	1936
2816	1014
2816	1202
2816	2564
2817	86
2817	1609
2817	1610
2818	1160
2818	1203
2818	2237
2819	1107
2819	1805
2819	2267
2820	33
2820	792
2820	1864
2821	863
2821	2138
2821	2178
2822	135
2822	141
2822	1109
2823	1879
2823	2237
2823	2596
2824	250
2824	997
2824	2396
2825	1561
2825	1861
2825	2859
2826	1118
2826	2299
2826	2887
2827	131
2827	418
2827	1105
2828	312
2828	2148
2828	2863
2829	940
2829	2237
2829	2601
2830	1723
2830	1960
2830	2376
2831	161
2831	1203
2831	1626
2832	757
2832	2333
2832	2414
2833	2165
2833	2265
2833	2432
2834	337
2834	1713
2834	2490
2835	1764
2835	1913
2835	2446
2836	509
2836	867
2836	944
2837	103
2837	643
2837	1804
2838	1564
2838	1878
2838	2390
2839	489
2839	1221
2839	1429
2840	957
2840	1295
2840	1580
2841	205
2841	1138
2841	1549
2842	1561
2842	2165
2842	2859
2843	257
2843	1183
2843	2475
2844	521
2844	1680
2844	2864
2845	513
2845	1074
2845	1470
2846	693
2846	759
2846	2447
2847	623
2847	1176
2847	2803
2848	338
2848	1254
2848	1635
2849	388
2849	1928
2849	1999
2850	1858
2850	2205
2850	2642
2851	1098
2851	1294
2851	2237
2852	1006
2852	2293
2852	2434
2853	1040
2853	1589
2853	1876
2854	692
2854	1087
2854	1125
2855	932
2855	1014
2855	1437
2856	430
2856	2101
2856	2530
2857	2415
2857	2417
2857	2637
2858	89
2858	2520
2858	2909
2859	11
2859	1561
2859	1861
2860	13
2860	1964
2860	2528
2861	636
2861	1246
2861	1390
2862	8
2862	875
2862	1940
2863	1816
2863	2148
2863	2877
2864	53
2864	1230
2864	2844
2865	55
2865	1809
2865	2167
2866	863
2866	2138
2866	2178
2867	478
2867	2160
2867	2418
2868	475
2868	560
2868	2845
2869	441
2869	1198
2869	2602
2870	1014
2870	1235
2870	2520
2871	602
2871	1520
2871	1593
2872	102
2872	258
2872	1083
2873	316
2873	1451
2873	1683
2874	277
2874	1083
2874	1782
2875	744
2875	2680
2875	2730
2876	28
2876	2742
2876	2806
2877	312
2877	2353
2877	2369
2878	608
2878	610
2878	1176
2879	627
2879	900
2879	2380
2880	1066
2880	1275
2880	2788
2881	1438
2881	2185
2881	2617
2882	2384
2882	2658
2882	2774
2883	1456
2883	1587
2883	2324
2884	1646
2884	2601
2884	2793
2885	295
2885	893
2885	1040
2886	1006
2886	1049
2886	2686
2887	2299
2887	2761
2887	2826
2888	1073
2888	1550
2888	1657
2889	113
2889	823
2889	1533
2890	73
2890	520
2890	1660
2891	41
2891	857
2891	1283
2892	157
2892	1689
2892	2538
2893	971
2893	1142
2893	1329
2894	1718
2894	1793
2894	2424
2895	527
2895	1138
2895	2282
2896	524
2896	777
2896	1396
2897	675
2897	1787
2897	2189
2898	902
2898	2351
2898	2538
2899	1006
2899	1049
2899	1506
2900	1987
2900	2540
2900	2632
2901	77
2901	401
2901	2814
2902	527
2902	1138
2902	2262
2903	813
2903	1006
2903	2769
2904	2013
2904	2292
2904	2544
2905	1438
2905	1639
2905	2185
2906	138
2906	375
2906	1513
2907	908
2907	1839
2907	1849
2908	73
2908	520
2908	2668
2909	606
2909	1235
2909	2858
2910	134
2910	2361
2910	2731
2911	496
2911	1318
2911	1847
2912	1789
2912	2042
2912	2612
2913	52
2913	2124
2913	2685
2914	551
2914	2241
2914	2335
2915	1049
2915	1801
2915	1943
2916	1117
2916	2187
2916	2362
2917	597
2917	1848
2917	2116
2918	535
2918	567
2918	1812
2919	195
2919	1254
2919	1609
2920	1619
2920	1951
2920	2542
2921	292
2921	1111
2921	2230
2922	215
2922	2606
2922	2940
2923	945
2923	1845
2923	2946
2924	1587
2924	1762
2924	2503
2925	713
2925	1214
2925	1324
2926	606
2926	1285
2926	1923
2927	2293
2927	2358
2927	2423
2928	366
2928	2357
2928	2664
2929	919
2929	1950
2929	2488
2930	757
2930	1855
2930	2503
2931	386
2931	2156
2931	2328
2932	186
2932	684
2932	2025
2933	2408
2933	2455
2933	2531
2934	603
2934	1804
2934	2051
2935	67
2935	896
2935	2348
2936	174
2936	656
2936	1420
2937	36
2937	2383
2937	2551
2938	328
2938	1138
2938	1699
2939	719
2939	893
2939	2588
2940	124
2940	215
2940	2606
2941	326
2941	473
2941	2616
2942	538
2942	605
2942	2802
2943	532
2943	2518
2943	2546
2944	480
2944	558
2944	2238
2945	167
2945	752
2945	2047
2946	945
2946	2674
2946	2923
2947	1704
2947	1725
2947	2871
2948	97
2948	885
2948	1061
2949	1456
2949	1587
2949	2324
